begin;

create temporary table tmp_raw_departments (
  sort_order integer not null,
  name text not null,
  fallback_id text not null
) on commit drop;

insert into tmp_raw_departments (sort_order, name, fallback_id)
values
  (1, 'Appliances', 'appliances'),
  (2, 'Bath', 'bath'),
  (3, 'Building Materials', 'building-materials'),
  (4, 'Decor & Furniture', 'decor-and-furniture'),
  (5, 'Electrical', 'electrical'),
  (6, 'Flooring', 'flooring'),
  (7, 'Hardware', 'hardware'),
  (8, 'Heating & Cooling', 'heating-and-cooling'),
  (9, 'Kitchen', 'kitchen'),
  (10, 'Lawn & Garden', 'lawn-and-garden'),
  (11, 'Lighting & Fans', 'lighting-and-fans'),
  (12, 'Outdoor Living', 'outdoor-living'),
  (13, 'Paint', 'paint'),
  (14, 'Plumbing', 'plumbing'),
  (15, 'Storage & Organization', 'storage-and-organization'),
  (16, 'Tools', 'tools'),
  (17, 'Windows & Doors', 'windows-and-doors');

create temporary table tmp_raw_subcategories (
  department_name text not null,
  sort_order integer not null,
  name text not null,
  fallback_id text not null
) on commit drop;

insert into tmp_raw_subcategories (department_name, sort_order, name, fallback_id)
values
  ('Appliances', 1, 'Appliance Parts & Accessories', 'appliances-appliance-parts-and-accessories'),
  ('Appliances', 2, 'Appliance Promotions', 'appliances-appliance-promotions'),
  ('Appliances', 3, 'Cooktops', 'appliances-cooktops'),
  ('Appliances', 4, 'Dishwashers', 'appliances-dishwashers'),
  ('Appliances', 5, 'Freezers & Ice Makers', 'appliances-freezers-and-ice-makers'),
  ('Appliances', 6, 'Garbage Disposals & Accessories', 'appliances-garbage-disposals-and-accessories'),
  ('Appliances', 7, 'Heating, Cooling & Air Quality', 'appliances-heating-cooling-and-air-quality'),
  ('Appliances', 8, 'Kitchen Packages', 'appliances-kitchen-packages'),
  ('Appliances', 9, 'Microwaves', 'appliances-microwaves'),
  ('Appliances', 10, 'Ranges', 'appliances-ranges'),
  ('Bath', 1, 'Bathtubs & Showers', 'bath-bathtubs-and-showers'),
  ('Bath', 2, 'Bathroom Vanities', 'bath-bathroom-vanities'),
  ('Bath', 3, 'Toilets & Bidets', 'bath-toilets-and-bidets'),
  ('Bath', 4, 'Bathroom Sinks', 'bath-bathroom-sinks'),
  ('Bath', 5, 'Faucets & Fixtures', 'bath-faucets-and-fixtures'),
  ('Bath', 6, 'Shower Doors & Enclosures', 'bath-shower-doors-and-enclosures'),
  ('Bath', 7, 'Bathroom Accessories', 'bath-bathroom-accessories'),
  ('Bath', 8, 'Mirrors & Medicine Cabinets', 'bath-mirrors-and-medicine-cabinets'),
  ('Bath', 9, 'Bathroom Lighting', 'bath-bathroom-lighting'),
  ('Bath', 10, 'Bathroom Ventilation', 'bath-bathroom-ventilation'),
  ('Building Materials', 1, 'Lumber & Composites', 'building-materials-lumber-and-composites'),
  ('Building Materials', 2, 'Plywood & Sheathing', 'building-materials-plywood-and-sheathing'),
  ('Building Materials', 3, 'Drywall & Accessories', 'building-materials-drywall-and-accessories'),
  ('Building Materials', 4, 'Insulation', 'building-materials-insulation'),
  ('Building Materials', 5, 'Roofing Materials', 'building-materials-roofing-materials'),
  ('Building Materials', 6, 'Siding & Trim', 'building-materials-siding-and-trim'),
  ('Building Materials', 7, 'Concrete & Cement', 'building-materials-concrete-and-cement'),
  ('Building Materials', 8, 'Metal Building Materials', 'building-materials-metal-building-materials'),
  ('Building Materials', 9, 'Gutters & Drainage', 'building-materials-gutters-and-drainage'),
  ('Building Materials', 10, 'Weatherproofing & Flashing', 'building-materials-weatherproofing-and-flashing'),
  ('Decor & Furniture', 1, 'Living Room Furniture', 'decor-and-furniture-living-room-furniture'),
  ('Decor & Furniture', 2, 'Bedroom Furniture', 'decor-and-furniture-bedroom-furniture'),
  ('Decor & Furniture', 3, 'Dining Room Furniture', 'decor-and-furniture-dining-room-furniture'),
  ('Decor & Furniture', 4, 'Home Decor', 'decor-and-furniture-home-decor'),
  ('Decor & Furniture', 5, 'Rugs & Area Carpets', 'decor-and-furniture-rugs-and-area-carpets'),
  ('Decor & Furniture', 6, 'Window Treatments', 'decor-and-furniture-window-treatments'),
  ('Decor & Furniture', 7, 'Wall Art & Mirrors', 'decor-and-furniture-wall-art-and-mirrors'),
  ('Decor & Furniture', 8, 'Lighting Fixtures', 'decor-and-furniture-lighting-fixtures'),
  ('Decor & Furniture', 9, 'Decorative Accents', 'decor-and-furniture-decorative-accents'),
  ('Decor & Furniture', 10, 'Seasonal Decor', 'decor-and-furniture-seasonal-decor'),
  ('Electrical', 1, 'Wire & Cable', 'electrical-wire-and-cable'),
  ('Electrical', 2, 'Circuit Breakers & Panels', 'electrical-circuit-breakers-and-panels'),
  ('Electrical', 3, 'Outlets & Switches', 'electrical-outlets-and-switches'),
  ('Electrical', 4, 'Light Bulbs', 'electrical-light-bulbs'),
  ('Electrical', 5, 'Extension Cords & Power Strips', 'electrical-extension-cords-and-power-strips'),
  ('Electrical', 6, 'Generators', 'electrical-generators'),
  ('Electrical', 7, 'Security Systems', 'electrical-security-systems'),
  ('Electrical', 8, 'Doorbells & Intercoms', 'electrical-doorbells-and-intercoms'),
  ('Electrical', 9, 'Home Automation', 'electrical-home-automation'),
  ('Electrical', 10, 'Electrical Boxes & Covers', 'electrical-electrical-boxes-and-covers'),
  ('Flooring', 1, 'Hardwood Flooring', 'flooring-hardwood-flooring'),
  ('Flooring', 2, 'Laminate Flooring', 'flooring-laminate-flooring'),
  ('Flooring', 3, 'Vinyl & Resilient Flooring', 'flooring-vinyl-and-resilient-flooring'),
  ('Flooring', 4, 'Tile Flooring', 'flooring-tile-flooring'),
  ('Flooring', 5, 'Carpet & Carpet Tile', 'flooring-carpet-and-carpet-tile'),
  ('Flooring', 6, 'Natural Stone Flooring', 'flooring-natural-stone-flooring'),
  ('Flooring', 7, 'Flooring Underlayment', 'flooring-flooring-underlayment'),
  ('Flooring', 8, 'Floor Molding & Trim', 'flooring-floor-molding-and-trim'),
  ('Flooring', 9, 'Flooring Tools & Accessories', 'flooring-flooring-tools-and-accessories'),
  ('Flooring', 10, 'Floor Refinishing Products', 'flooring-floor-refinishing-products'),
  ('Hardware', 1, 'Door Hardware & Locks', 'hardware-door-hardware-and-locks'),
  ('Hardware', 2, 'Cabinet Hardware', 'hardware-cabinet-hardware'),
  ('Hardware', 3, 'Hinges & Latches', 'hardware-hinges-and-latches'),
  ('Hardware', 4, 'Fasteners & Anchors', 'hardware-fasteners-and-anchors'),
  ('Hardware', 5, 'Chain & Rope', 'hardware-chain-and-rope'),
  ('Hardware', 6, 'Safety & Security', 'hardware-safety-and-security'),
  ('Hardware', 7, 'Gate Hardware', 'hardware-gate-hardware'),
  ('Hardware', 8, 'Hooks & Hangers', 'hardware-hooks-and-hangers'),
  ('Hardware', 9, 'Numbers & Letters', 'hardware-numbers-and-letters'),
  ('Hardware', 10, 'Furniture Hardware', 'hardware-furniture-hardware'),
  ('Heating & Cooling', 1, 'Furnaces & Heaters', 'heating-and-cooling-furnaces-and-heaters'),
  ('Heating & Cooling', 2, 'Air Conditioners', 'heating-and-cooling-air-conditioners'),
  ('Heating & Cooling', 3, 'Thermostats & Controls', 'heating-and-cooling-thermostats-and-controls'),
  ('Heating & Cooling', 4, 'Ductwork & Vents', 'heating-and-cooling-ductwork-and-vents'),
  ('Heating & Cooling', 5, 'Air Purifiers & Humidifiers', 'heating-and-cooling-air-purifiers-and-humidifiers'),
  ('Heating & Cooling', 6, 'Ceiling Fans', 'heating-and-cooling-ceiling-fans'),
  ('Heating & Cooling', 7, 'Portable Heaters', 'heating-and-cooling-portable-heaters'),
  ('Heating & Cooling', 8, 'Fireplaces & Stoves', 'heating-and-cooling-fireplaces-and-stoves'),
  ('Heating & Cooling', 9, 'HVAC Filters', 'heating-and-cooling-hvac-filters'),
  ('Heating & Cooling', 10, 'Ventilation Fans', 'heating-and-cooling-ventilation-fans'),
  ('Kitchen', 1, 'Kitchen Cabinets', 'kitchen-kitchen-cabinets'),
  ('Kitchen', 2, 'Countertops', 'kitchen-countertops'),
  ('Kitchen', 3, 'Kitchen Sinks', 'kitchen-kitchen-sinks'),
  ('Kitchen', 4, 'Kitchen Faucets', 'kitchen-kitchen-faucets'),
  ('Kitchen', 5, 'Backsplashes', 'kitchen-backsplashes'),
  ('Kitchen', 6, 'Kitchen Islands & Carts', 'kitchen-kitchen-islands-and-carts'),
  ('Kitchen', 7, 'Pantry Storage', 'kitchen-pantry-storage'),
  ('Kitchen', 8, 'Kitchen Lighting', 'kitchen-kitchen-lighting'),
  ('Kitchen', 9, 'Kitchen Hardware', 'kitchen-kitchen-hardware'),
  ('Kitchen', 10, 'Kitchen Accessories', 'kitchen-kitchen-accessories'),
  ('Lawn & Garden', 1, 'Lawn Mowers', 'lawn-and-garden-lawn-mowers'),
  ('Lawn & Garden', 2, 'Trimmers & Edgers', 'lawn-and-garden-trimmers-and-edgers'),
  ('Lawn & Garden', 3, 'Garden Tools', 'lawn-and-garden-garden-tools'),
  ('Lawn & Garden', 4, 'Pressure Washers', 'lawn-and-garden-pressure-washers'),
  ('Lawn & Garden', 5, 'Outdoor Power Equipment', 'lawn-and-garden-outdoor-power-equipment'),
  ('Lawn & Garden', 6, 'Fertilizers & Chemicals', 'lawn-and-garden-fertilizers-and-chemicals'),
  ('Lawn & Garden', 7, 'Seeds & Plants', 'lawn-and-garden-seeds-and-plants'),
  ('Lawn & Garden', 8, 'Watering & Irrigation', 'lawn-and-garden-watering-and-irrigation'),
  ('Lawn & Garden', 9, 'Pots & Planters', 'lawn-and-garden-pots-and-planters'),
  ('Lawn & Garden', 10, 'Garden Décor', 'lawn-and-garden-garden-d-cor'),
  ('Lighting & Fans', 1, 'Ceiling Lights', 'lighting-and-fans-ceiling-lights'),
  ('Lighting & Fans', 2, 'Chandeliers & Pendants', 'lighting-and-fans-chandeliers-and-pendants'),
  ('Lighting & Fans', 3, 'Wall Sconces', 'lighting-and-fans-wall-sconces'),
  ('Lighting & Fans', 4, 'Track & Rail Lighting', 'lighting-and-fans-track-and-rail-lighting'),
  ('Lighting & Fans', 5, 'Recessed Lighting', 'lighting-and-fans-recessed-lighting'),
  ('Lighting & Fans', 6, 'Outdoor Lighting', 'lighting-and-fans-outdoor-lighting'),
  ('Lighting & Fans', 7, 'Ceiling Fans', 'lighting-and-fans-ceiling-fans'),
  ('Lighting & Fans', 8, 'Light Bulbs', 'lighting-and-fans-light-bulbs'),
  ('Lighting & Fans', 9, 'Lamp Shades', 'lighting-and-fans-lamp-shades'),
  ('Lighting & Fans', 10, 'Smart Lighting', 'lighting-and-fans-smart-lighting'),
  ('Outdoor Living', 1, 'Patio Furniture', 'outdoor-living-patio-furniture'),
  ('Outdoor Living', 2, 'Grills & Outdoor Cooking', 'outdoor-living-grills-and-outdoor-cooking'),
  ('Outdoor Living', 3, 'Outdoor Heating', 'outdoor-living-outdoor-heating'),
  ('Outdoor Living', 4, 'Gazebos & Pergolas', 'outdoor-living-gazebos-and-pergolas'),
  ('Outdoor Living', 5, 'Patio Umbrellas', 'outdoor-living-patio-umbrellas'),
  ('Outdoor Living', 6, 'Outdoor Cushions', 'outdoor-living-outdoor-cushions'),
  ('Outdoor Living', 7, 'Fire Pits & Fireplaces', 'outdoor-living-fire-pits-and-fireplaces'),
  ('Outdoor Living', 8, 'Outdoor Storage', 'outdoor-living-outdoor-storage'),
  ('Outdoor Living', 9, 'Playsets & Trampolines', 'outdoor-living-playsets-and-trampolines'),
  ('Outdoor Living', 10, 'Outdoor Décor', 'outdoor-living-outdoor-d-cor'),
  ('Paint', 1, 'Interior Paint', 'paint-interior-paint'),
  ('Paint', 2, 'Exterior Paint', 'paint-exterior-paint'),
  ('Paint', 3, 'Primers & Sealers', 'paint-primers-and-sealers'),
  ('Paint', 4, 'Spray Paint', 'paint-spray-paint'),
  ('Paint', 5, 'Stains & Finishes', 'paint-stains-and-finishes'),
  ('Paint', 6, 'Paint Brushes & Rollers', 'paint-paint-brushes-and-rollers'),
  ('Paint', 7, 'Paint Trays & Supplies', 'paint-paint-trays-and-supplies'),
  ('Paint', 8, 'Painter''s Tape', 'paint-painter-s-tape'),
  ('Paint', 9, 'Paint Strippers & Removers', 'paint-paint-strippers-and-removers'),
  ('Paint', 10, 'Color Samples', 'paint-color-samples'),
  ('Plumbing', 1, 'Pipes & Fittings', 'plumbing-pipes-and-fittings'),
  ('Plumbing', 2, 'Faucets & Fixtures', 'plumbing-faucets-and-fixtures'),
  ('Plumbing', 3, 'Toilets & Toilet Parts', 'plumbing-toilets-and-toilet-parts'),
  ('Plumbing', 4, 'Sinks & Drains', 'plumbing-sinks-and-drains'),
  ('Plumbing', 5, 'Water Heaters', 'plumbing-water-heaters'),
  ('Plumbing', 6, 'Pumps & Tanks', 'plumbing-pumps-and-tanks'),
  ('Plumbing', 7, 'Valves & Manifolds', 'plumbing-valves-and-manifolds'),
  ('Plumbing', 8, 'Plumbing Tools', 'plumbing-plumbing-tools'),
  ('Plumbing', 9, 'Water Filtration', 'plumbing-water-filtration'),
  ('Plumbing', 10, 'Plumbing Repair & Maintenance', 'plumbing-plumbing-repair-and-maintenance'),
  ('Storage & Organization', 1, 'Shelving Units', 'storage-and-organization-shelving-units'),
  ('Storage & Organization', 2, 'Storage Cabinets', 'storage-and-organization-storage-cabinets'),
  ('Storage & Organization', 3, 'Closet Organizers', 'storage-and-organization-closet-organizers'),
  ('Storage & Organization', 4, 'Garage Storage', 'storage-and-organization-garage-storage'),
  ('Storage & Organization', 5, 'Bins & Containers', 'storage-and-organization-bins-and-containers'),
  ('Storage & Organization', 6, 'Wall-Mounted Storage', 'storage-and-organization-wall-mounted-storage'),
  ('Storage & Organization', 7, 'Hooks & Racks', 'storage-and-organization-hooks-and-racks'),
  ('Storage & Organization', 8, 'Tool Storage', 'storage-and-organization-tool-storage'),
  ('Storage & Organization', 9, 'Wire Shelving', 'storage-and-organization-wire-shelving'),
  ('Storage & Organization', 10, 'Laundry Storage', 'storage-and-organization-laundry-storage'),
  ('Tools', 1, 'Power Drills', 'tools-power-drills'),
  ('Tools', 2, 'Saws & Blades', 'tools-saws-and-blades'),
  ('Tools', 3, 'Sanders & Grinders', 'tools-sanders-and-grinders'),
  ('Tools', 4, 'Hammers & Nail Guns', 'tools-hammers-and-nail-guns'),
  ('Tools', 5, 'Wrenches & Sockets', 'tools-wrenches-and-sockets'),
  ('Tools', 6, 'Measuring & Layout Tools', 'tools-measuring-and-layout-tools'),
  ('Tools', 7, 'Hand Tools', 'tools-hand-tools'),
  ('Tools', 8, 'Tool Sets', 'tools-tool-sets'),
  ('Tools', 9, 'Ladders & Scaffolding', 'tools-ladders-and-scaffolding'),
  ('Tools', 10, 'Tool Storage', 'tools-tool-storage'),
  ('Windows & Doors', 1, 'Exterior Doors', 'windows-and-doors-exterior-doors'),
  ('Windows & Doors', 2, 'Interior Doors', 'windows-and-doors-interior-doors'),
  ('Windows & Doors', 3, 'Windows', 'windows-and-doors-windows'),
  ('Windows & Doors', 4, 'Storm Doors', 'windows-and-doors-storm-doors'),
  ('Windows & Doors', 5, 'Garage Doors', 'windows-and-doors-garage-doors'),
  ('Windows & Doors', 6, 'Door Hardware', 'windows-and-doors-door-hardware'),
  ('Windows & Doors', 7, 'Window Hardware', 'windows-and-doors-window-hardware'),
  ('Windows & Doors', 8, 'Door Frames & Jambs', 'windows-and-doors-door-frames-and-jambs'),
  ('Windows & Doors', 9, 'Window Treatments', 'windows-and-doors-window-treatments'),
  ('Windows & Doors', 10, 'Weather Stripping', 'windows-and-doors-weather-stripping');

create temporary table tmp_raw_leaves (
  department_name text not null,
  subcategory_name text not null,
  sort_order integer not null,
  name text not null,
  fallback_id text not null
) on commit drop;

insert into tmp_raw_leaves (department_name, subcategory_name, sort_order, name, fallback_id)
values
  ('Appliances', 'Appliance Parts & Accessories', 1, 'Refrigerator Parts', 'appliances-appliance-parts-and-accessories-refrigerator-parts'),
  ('Appliances', 'Appliance Parts & Accessories', 2, 'Washer Parts', 'appliances-appliance-parts-and-accessories-washer-parts'),
  ('Appliances', 'Appliance Parts & Accessories', 3, 'Dryer Parts', 'appliances-appliance-parts-and-accessories-dryer-parts'),
  ('Appliances', 'Appliance Parts & Accessories', 4, 'Dishwasher Parts', 'appliances-appliance-parts-and-accessories-dishwasher-parts'),
  ('Appliances', 'Appliance Parts & Accessories', 5, 'Range Parts', 'appliances-appliance-parts-and-accessories-range-parts'),
  ('Appliances', 'Appliance Parts & Accessories', 6, 'Microwave Parts', 'appliances-appliance-parts-and-accessories-microwave-parts'),
  ('Appliances', 'Appliance Parts & Accessories', 7, 'Water Filter', 'appliances-appliance-parts-and-accessories-water-filter'),
  ('Appliances', 'Appliance Parts & Accessories', 8, 'Appliance Cleaner', 'appliances-appliance-parts-and-accessories-appliance-cleaner'),
  ('Appliances', 'Appliance Promotions', 1, 'Kitchen Packages', 'appliances-appliance-promotions-kitchen-packages'),
  ('Appliances', 'Appliance Promotions', 2, 'Laundry Pairs', 'appliances-appliance-promotions-laundry-pairs'),
  ('Appliances', 'Appliance Promotions', 3, 'Suite Deals', 'appliances-appliance-promotions-suite-deals'),
  ('Appliances', 'Appliance Promotions', 4, 'Clearance Items', 'appliances-appliance-promotions-clearance-items'),
  ('Appliances', 'Appliance Promotions', 5, 'Rebates & Offers', 'appliances-appliance-promotions-rebates-and-offers'),
  ('Appliances', 'Cooktops', 1, 'Gas Cooktops', 'appliances-cooktops-gas-cooktops'),
  ('Appliances', 'Cooktops', 2, 'Electric Cooktops', 'appliances-cooktops-electric-cooktops'),
  ('Appliances', 'Cooktops', 3, 'Induction Cooktops', 'appliances-cooktops-induction-cooktops'),
  ('Appliances', 'Cooktops', 4, 'Portable Cooktops', 'appliances-cooktops-portable-cooktops'),
  ('Appliances', 'Dishwashers', 1, 'Built-In Dishwashers', 'appliances-dishwashers-built-in-dishwashers'),
  ('Appliances', 'Dishwashers', 2, 'Portable Dishwashers', 'appliances-dishwashers-portable-dishwashers'),
  ('Appliances', 'Dishwashers', 3, 'Drawer Dishwashers', 'appliances-dishwashers-drawer-dishwashers'),
  ('Appliances', 'Dishwashers', 4, 'Compact Dishwashers', 'appliances-dishwashers-compact-dishwashers'),
  ('Appliances', 'Freezers & Ice Makers', 1, 'Chest Freezers', 'appliances-freezers-and-ice-makers-chest-freezers'),
  ('Appliances', 'Freezers & Ice Makers', 2, 'Commercial Freezers & Ice Makers', 'appliances-freezers-and-ice-makers-commercial-freezers-and-ice-makers'),
  ('Appliances', 'Freezers & Ice Makers', 3, 'Ice Makers', 'appliances-freezers-and-ice-makers-ice-makers'),
  ('Appliances', 'Freezers & Ice Makers', 4, 'Propane & Solar Freezers', 'appliances-freezers-and-ice-makers-propane-and-solar-freezers'),
  ('Appliances', 'Freezers & Ice Makers', 5, 'Small Space Freezers', 'appliances-freezers-and-ice-makers-small-space-freezers'),
  ('Appliances', 'Freezers & Ice Makers', 6, 'Upright Freezers', 'appliances-freezers-and-ice-makers-upright-freezers'),
  ('Appliances', 'Garbage Disposals & Accessories', 1, 'Continuous Feed Disposals', 'appliances-garbage-disposals-and-accessories-continuous-feed-disposals'),
  ('Appliances', 'Garbage Disposals & Accessories', 2, 'Batch Feed Disposals', 'appliances-garbage-disposals-and-accessories-batch-feed-disposals'),
  ('Appliances', 'Garbage Disposals & Accessories', 3, 'Disposal Accessories', 'appliances-garbage-disposals-and-accessories-disposal-accessories'),
  ('Appliances', 'Heating, Cooling & Air Quality', 1, 'Air Purifiers', 'appliances-heating-cooling-and-air-quality-air-purifiers'),
  ('Appliances', 'Heating, Cooling & Air Quality', 2, 'Dehumidifiers', 'appliances-heating-cooling-and-air-quality-dehumidifiers'),
  ('Appliances', 'Heating, Cooling & Air Quality', 3, 'Humidifiers', 'appliances-heating-cooling-and-air-quality-humidifiers'),
  ('Appliances', 'Heating, Cooling & Air Quality', 4, 'Portable Heaters', 'appliances-heating-cooling-and-air-quality-portable-heaters'),
  ('Appliances', 'Heating, Cooling & Air Quality', 5, 'Window AC Units', 'appliances-heating-cooling-and-air-quality-window-ac-units'),
  ('Appliances', 'Kitchen Packages', 1, '3-Piece Packages', 'appliances-kitchen-packages-3-piece-packages'),
  ('Appliances', 'Kitchen Packages', 2, '4-Piece Packages', 'appliances-kitchen-packages-4-piece-packages'),
  ('Appliances', 'Kitchen Packages', 3, 'Complete Kitchen Suites', 'appliances-kitchen-packages-complete-kitchen-suites'),
  ('Appliances', 'Microwaves', 1, 'Built-In Microwaves', 'appliances-microwaves-built-in-microwaves'),
  ('Appliances', 'Microwaves', 2, 'Countertop Microwaves', 'appliances-microwaves-countertop-microwaves'),
  ('Appliances', 'Microwaves', 3, 'Over-the-Range Microwaves', 'appliances-microwaves-over-the-range-microwaves'),
  ('Appliances', 'Ranges', 1, 'Electric Ranges', 'appliances-ranges-electric-ranges'),
  ('Appliances', 'Ranges', 2, 'Gas Ranges', 'appliances-ranges-gas-ranges'),
  ('Appliances', 'Ranges', 3, 'Dual Fuel Ranges', 'appliances-ranges-dual-fuel-ranges'),
  ('Appliances', 'Ranges', 4, 'Slide-In Ranges', 'appliances-ranges-slide-in-ranges'),
  ('Bath', 'Bathtubs & Showers', 1, 'Alcove Tubs', 'bath-bathtubs-and-showers-alcove-tubs'),
  ('Bath', 'Bathtubs & Showers', 2, 'Freestanding Tubs', 'bath-bathtubs-and-showers-freestanding-tubs'),
  ('Bath', 'Bathtubs & Showers', 3, 'Shower Kits', 'bath-bathtubs-and-showers-shower-kits'),
  ('Bath', 'Bathtubs & Showers', 4, 'Shower Pans', 'bath-bathtubs-and-showers-shower-pans'),
  ('Bath', 'Bathtubs & Showers', 5, 'Tub & Shower Combos', 'bath-bathtubs-and-showers-tub-and-shower-combos'),
  ('Bath', 'Bathroom Vanities', 1, 'Single Sink Vanities', 'bath-bathroom-vanities-single-sink-vanities'),
  ('Bath', 'Bathroom Vanities', 2, 'Double Sink Vanities', 'bath-bathroom-vanities-double-sink-vanities'),
  ('Bath', 'Bathroom Vanities', 3, 'Vanity Tops', 'bath-bathroom-vanities-vanity-tops'),
  ('Bath', 'Bathroom Vanities', 4, 'Vessel Sinks', 'bath-bathroom-vanities-vessel-sinks'),
  ('Bath', 'Bathroom Vanities', 5, 'Wall-Mounted Vanities', 'bath-bathroom-vanities-wall-mounted-vanities'),
  ('Bath', 'Toilets & Bidets', 1, 'One-Piece Toilets', 'bath-toilets-and-bidets-one-piece-toilets'),
  ('Bath', 'Toilets & Bidets', 2, 'Two-Piece Toilets', 'bath-toilets-and-bidets-two-piece-toilets'),
  ('Bath', 'Toilets & Bidets', 3, 'Smart Toilets', 'bath-toilets-and-bidets-smart-toilets'),
  ('Bath', 'Toilets & Bidets', 4, 'Bidets', 'bath-toilets-and-bidets-bidets'),
  ('Bath', 'Toilets & Bidets', 5, 'Toilet Seats', 'bath-toilets-and-bidets-toilet-seats'),
  ('Bath', 'Bathroom Sinks', 1, 'Undermount Sinks', 'bath-bathroom-sinks-undermount-sinks'),
  ('Bath', 'Bathroom Sinks', 2, 'Drop-In Sinks', 'bath-bathroom-sinks-drop-in-sinks'),
  ('Bath', 'Bathroom Sinks', 3, 'Vessel Sinks', 'bath-bathroom-sinks-vessel-sinks'),
  ('Bath', 'Bathroom Sinks', 4, 'Pedestal Sinks', 'bath-bathroom-sinks-pedestal-sinks'),
  ('Bath', 'Bathroom Sinks', 5, 'Wall-Mounted Sinks', 'bath-bathroom-sinks-wall-mounted-sinks'),
  ('Bath', 'Faucets & Fixtures', 1, 'Bathroom Faucets', 'bath-faucets-and-fixtures-bathroom-faucets'),
  ('Bath', 'Faucets & Fixtures', 2, 'Shower Heads', 'bath-faucets-and-fixtures-shower-heads'),
  ('Bath', 'Faucets & Fixtures', 3, 'Tub Fillers', 'bath-faucets-and-fixtures-tub-fillers'),
  ('Bath', 'Faucets & Fixtures', 4, 'Shower Systems', 'bath-faucets-and-fixtures-shower-systems'),
  ('Bath', 'Faucets & Fixtures', 5, 'Faucet Parts', 'bath-faucets-and-fixtures-faucet-parts'),
  ('Bath', 'Shower Doors & Enclosures', 1, 'Sliding Shower Doors', 'bath-shower-doors-and-enclosures-sliding-shower-doors'),
  ('Bath', 'Shower Doors & Enclosures', 2, 'Pivot Shower Doors', 'bath-shower-doors-and-enclosures-pivot-shower-doors'),
  ('Bath', 'Shower Doors & Enclosures', 3, 'Frameless Doors', 'bath-shower-doors-and-enclosures-frameless-doors'),
  ('Bath', 'Shower Doors & Enclosures', 4, 'Shower Enclosures', 'bath-shower-doors-and-enclosures-shower-enclosures'),
  ('Bath', 'Bathroom Accessories', 1, 'Towel Bars', 'bath-bathroom-accessories-towel-bars'),
  ('Bath', 'Bathroom Accessories', 2, 'Toilet Paper Holders', 'bath-bathroom-accessories-toilet-paper-holders'),
  ('Bath', 'Bathroom Accessories', 3, 'Robe Hooks', 'bath-bathroom-accessories-robe-hooks'),
  ('Bath', 'Bathroom Accessories', 4, 'Shower Caddies', 'bath-bathroom-accessories-shower-caddies'),
  ('Bath', 'Bathroom Accessories', 5, 'Soap Dispensers', 'bath-bathroom-accessories-soap-dispensers'),
  ('Bath', 'Mirrors & Medicine Cabinets', 1, 'Framed Mirrors', 'bath-mirrors-and-medicine-cabinets-framed-mirrors'),
  ('Bath', 'Mirrors & Medicine Cabinets', 2, 'Frameless Mirrors', 'bath-mirrors-and-medicine-cabinets-frameless-mirrors'),
  ('Bath', 'Mirrors & Medicine Cabinets', 3, 'Lighted Mirrors', 'bath-mirrors-and-medicine-cabinets-lighted-mirrors'),
  ('Bath', 'Mirrors & Medicine Cabinets', 4, 'Medicine Cabinets', 'bath-mirrors-and-medicine-cabinets-medicine-cabinets'),
  ('Bath', 'Bathroom Lighting', 1, 'Vanity Lights', 'bath-bathroom-lighting-vanity-lights'),
  ('Bath', 'Bathroom Lighting', 2, 'Bath Bars', 'bath-bathroom-lighting-bath-bars'),
  ('Bath', 'Bathroom Lighting', 3, 'Ceiling Lights', 'bath-bathroom-lighting-ceiling-lights'),
  ('Bath', 'Bathroom Lighting', 4, 'Exhaust Fan Lights', 'bath-bathroom-lighting-exhaust-fan-lights'),
  ('Bath', 'Bathroom Ventilation', 1, 'Exhaust Fans', 'bath-bathroom-ventilation-exhaust-fans'),
  ('Bath', 'Bathroom Ventilation', 2, 'Ventilation Fans with Light', 'bath-bathroom-ventilation-ventilation-fans-with-light'),
  ('Bath', 'Bathroom Ventilation', 3, 'Bathroom Heaters', 'bath-bathroom-ventilation-bathroom-heaters'),
  ('Building Materials', 'Lumber & Composites', 1, 'Dimensional Lumber', 'building-materials-lumber-and-composites-dimensional-lumber'),
  ('Building Materials', 'Lumber & Composites', 2, 'Treated Lumber', 'building-materials-lumber-and-composites-treated-lumber'),
  ('Building Materials', 'Lumber & Composites', 3, 'Composite Decking', 'building-materials-lumber-and-composites-composite-decking'),
  ('Building Materials', 'Lumber & Composites', 4, 'Cedar & Redwood', 'building-materials-lumber-and-composites-cedar-and-redwood'),
  ('Building Materials', 'Lumber & Composites', 5, 'Hardwood Boards', 'building-materials-lumber-and-composites-hardwood-boards'),
  ('Building Materials', 'Plywood & Sheathing', 1, 'Softwood Plywood', 'building-materials-plywood-and-sheathing-softwood-plywood'),
  ('Building Materials', 'Plywood & Sheathing', 2, 'Hardwood Plywood', 'building-materials-plywood-and-sheathing-hardwood-plywood'),
  ('Building Materials', 'Plywood & Sheathing', 3, 'OSB Sheathing', 'building-materials-plywood-and-sheathing-osb-sheathing'),
  ('Building Materials', 'Plywood & Sheathing', 4, 'MDF Boards', 'building-materials-plywood-and-sheathing-mdf-boards'),
  ('Building Materials', 'Plywood & Sheathing', 5, 'Particleboard', 'building-materials-plywood-and-sheathing-particleboard'),
  ('Building Materials', 'Drywall & Accessories', 1, 'Drywall Panels', 'building-materials-drywall-and-accessories-drywall-panels'),
  ('Building Materials', 'Drywall & Accessories', 2, 'Joint Compound', 'building-materials-drywall-and-accessories-joint-compound'),
  ('Building Materials', 'Drywall & Accessories', 3, 'Drywall Tape', 'building-materials-drywall-and-accessories-drywall-tape'),
  ('Building Materials', 'Drywall & Accessories', 4, 'Corner Bead', 'building-materials-drywall-and-accessories-corner-bead'),
  ('Building Materials', 'Drywall & Accessories', 5, 'Drywall Tools', 'building-materials-drywall-and-accessories-drywall-tools'),
  ('Building Materials', 'Insulation', 1, 'Fiberglass Insulation', 'building-materials-insulation-fiberglass-insulation'),
  ('Building Materials', 'Insulation', 2, 'Foam Board', 'building-materials-insulation-foam-board'),
  ('Building Materials', 'Insulation', 3, 'Spray Foam', 'building-materials-insulation-spray-foam'),
  ('Building Materials', 'Insulation', 4, 'Radiant Barrier', 'building-materials-insulation-radiant-barrier'),
  ('Building Materials', 'Insulation', 5, 'Insulation Accessories', 'building-materials-insulation-insulation-accessories'),
  ('Building Materials', 'Roofing Materials', 1, 'Asphalt Shingles', 'building-materials-roofing-materials-asphalt-shingles'),
  ('Building Materials', 'Roofing Materials', 2, 'Metal Roofing', 'building-materials-roofing-materials-metal-roofing'),
  ('Building Materials', 'Roofing Materials', 3, 'Roof Underlayment', 'building-materials-roofing-materials-roof-underlayment'),
  ('Building Materials', 'Roofing Materials', 4, 'Roof Vents', 'building-materials-roofing-materials-roof-vents'),
  ('Building Materials', 'Roofing Materials', 5, 'Flashing', 'building-materials-roofing-materials-flashing'),
  ('Building Materials', 'Siding & Trim', 1, 'Vinyl Siding', 'building-materials-siding-and-trim-vinyl-siding'),
  ('Building Materials', 'Siding & Trim', 2, 'Fiber Cement', 'building-materials-siding-and-trim-fiber-cement'),
  ('Building Materials', 'Siding & Trim', 3, 'Wood Siding', 'building-materials-siding-and-trim-wood-siding'),
  ('Building Materials', 'Siding & Trim', 4, 'Exterior Trim', 'building-materials-siding-and-trim-exterior-trim'),
  ('Building Materials', 'Siding & Trim', 5, 'Soffits & Fascia', 'building-materials-siding-and-trim-soffits-and-fascia'),
  ('Building Materials', 'Concrete & Cement', 1, 'Ready-Mix Concrete', 'building-materials-concrete-and-cement-ready-mix-concrete'),
  ('Building Materials', 'Concrete & Cement', 2, 'Cement Mix', 'building-materials-concrete-and-cement-cement-mix'),
  ('Building Materials', 'Concrete & Cement', 3, 'Mortar Mix', 'building-materials-concrete-and-cement-mortar-mix'),
  ('Building Materials', 'Concrete & Cement', 4, 'Concrete Blocks', 'building-materials-concrete-and-cement-concrete-blocks'),
  ('Building Materials', 'Concrete & Cement', 5, 'Concrete Tools', 'building-materials-concrete-and-cement-concrete-tools'),
  ('Building Materials', 'Metal Building Materials', 1, 'Steel Studs', 'building-materials-metal-building-materials-steel-studs'),
  ('Building Materials', 'Metal Building Materials', 2, 'Metal Framing', 'building-materials-metal-building-materials-metal-framing'),
  ('Building Materials', 'Metal Building Materials', 3, 'Corrugated Metal', 'building-materials-metal-building-materials-corrugated-metal'),
  ('Building Materials', 'Metal Building Materials', 4, 'Metal Trim', 'building-materials-metal-building-materials-metal-trim'),
  ('Building Materials', 'Metal Building Materials', 5, 'Fasteners', 'building-materials-metal-building-materials-fasteners'),
  ('Building Materials', 'Gutters & Drainage', 1, 'Vinyl Gutters', 'building-materials-gutters-and-drainage-vinyl-gutters'),
  ('Building Materials', 'Gutters & Drainage', 2, 'Aluminum Gutters', 'building-materials-gutters-and-drainage-aluminum-gutters'),
  ('Building Materials', 'Gutters & Drainage', 3, 'Downspouts', 'building-materials-gutters-and-drainage-downspouts'),
  ('Building Materials', 'Gutters & Drainage', 4, 'Gutter Guards', 'building-materials-gutters-and-drainage-gutter-guards'),
  ('Building Materials', 'Gutters & Drainage', 5, 'Drainage Pipe', 'building-materials-gutters-and-drainage-drainage-pipe'),
  ('Building Materials', 'Weatherproofing & Flashing', 1, 'House Wrap', 'building-materials-weatherproofing-and-flashing-house-wrap'),
  ('Building Materials', 'Weatherproofing & Flashing', 2, 'Flashing Tape', 'building-materials-weatherproofing-and-flashing-flashing-tape'),
  ('Building Materials', 'Weatherproofing & Flashing', 3, 'Metal Flashing', 'building-materials-weatherproofing-and-flashing-metal-flashing'),
  ('Building Materials', 'Weatherproofing & Flashing', 4, 'Sealants', 'building-materials-weatherproofing-and-flashing-sealants'),
  ('Building Materials', 'Weatherproofing & Flashing', 5, 'Waterproof Membrane', 'building-materials-weatherproofing-and-flashing-waterproof-membrane'),
  ('Decor & Furniture', 'Living Room Furniture', 1, 'Sofas', 'decor-and-furniture-living-room-furniture-sofas'),
  ('Decor & Furniture', 'Living Room Furniture', 2, 'Sectionals', 'decor-and-furniture-living-room-furniture-sectionals'),
  ('Decor & Furniture', 'Living Room Furniture', 3, 'Loveseats', 'decor-and-furniture-living-room-furniture-loveseats'),
  ('Decor & Furniture', 'Living Room Furniture', 4, 'Recliners', 'decor-and-furniture-living-room-furniture-recliners'),
  ('Decor & Furniture', 'Living Room Furniture', 5, 'Coffee Tables', 'decor-and-furniture-living-room-furniture-coffee-tables'),
  ('Decor & Furniture', 'Living Room Furniture', 6, 'TV Stands', 'decor-and-furniture-living-room-furniture-tv-stands'),
  ('Decor & Furniture', 'Bedroom Furniture', 1, 'Beds', 'decor-and-furniture-bedroom-furniture-beds'),
  ('Decor & Furniture', 'Bedroom Furniture', 2, 'Dressers', 'decor-and-furniture-bedroom-furniture-dressers'),
  ('Decor & Furniture', 'Bedroom Furniture', 3, 'Nightstands', 'decor-and-furniture-bedroom-furniture-nightstands'),
  ('Decor & Furniture', 'Bedroom Furniture', 4, 'Armoires', 'decor-and-furniture-bedroom-furniture-armoires'),
  ('Decor & Furniture', 'Bedroom Furniture', 5, 'Bedroom Sets', 'decor-and-furniture-bedroom-furniture-bedroom-sets'),
  ('Decor & Furniture', 'Dining Room Furniture', 1, 'Dining Tables', 'decor-and-furniture-dining-room-furniture-dining-tables'),
  ('Decor & Furniture', 'Dining Room Furniture', 2, 'Dining Chairs', 'decor-and-furniture-dining-room-furniture-dining-chairs'),
  ('Decor & Furniture', 'Dining Room Furniture', 3, 'Bar Stools', 'decor-and-furniture-dining-room-furniture-bar-stools'),
  ('Decor & Furniture', 'Dining Room Furniture', 4, 'Buffets', 'decor-and-furniture-dining-room-furniture-buffets'),
  ('Decor & Furniture', 'Dining Room Furniture', 5, 'China Cabinets', 'decor-and-furniture-dining-room-furniture-china-cabinets'),
  ('Decor & Furniture', 'Home Decor', 1, 'Wall Art', 'decor-and-furniture-home-decor-wall-art'),
  ('Decor & Furniture', 'Home Decor', 2, 'Decorative Pillows', 'decor-and-furniture-home-decor-decorative-pillows'),
  ('Decor & Furniture', 'Home Decor', 3, 'Throws', 'decor-and-furniture-home-decor-throws'),
  ('Decor & Furniture', 'Home Decor', 4, 'Vases', 'decor-and-furniture-home-decor-vases'),
  ('Decor & Furniture', 'Home Decor', 5, 'Candles', 'decor-and-furniture-home-decor-candles'),
  ('Decor & Furniture', 'Rugs & Area Carpets', 1, 'Area Rugs', 'decor-and-furniture-rugs-and-area-carpets-area-rugs'),
  ('Decor & Furniture', 'Rugs & Area Carpets', 2, 'Runner Rugs', 'decor-and-furniture-rugs-and-area-carpets-runner-rugs'),
  ('Decor & Furniture', 'Rugs & Area Carpets', 3, 'Outdoor Rugs', 'decor-and-furniture-rugs-and-area-carpets-outdoor-rugs'),
  ('Decor & Furniture', 'Rugs & Area Carpets', 4, 'Rug Pads', 'decor-and-furniture-rugs-and-area-carpets-rug-pads'),
  ('Decor & Furniture', 'Window Treatments', 1, 'Curtains', 'decor-and-furniture-window-treatments-curtains'),
  ('Decor & Furniture', 'Window Treatments', 2, 'Blinds', 'decor-and-furniture-window-treatments-blinds'),
  ('Decor & Furniture', 'Window Treatments', 3, 'Shades', 'decor-and-furniture-window-treatments-shades'),
  ('Decor & Furniture', 'Window Treatments', 4, 'Drapes', 'decor-and-furniture-window-treatments-drapes'),
  ('Decor & Furniture', 'Window Treatments', 5, 'Valances', 'decor-and-furniture-window-treatments-valances'),
  ('Decor & Furniture', 'Wall Art & Mirrors', 1, 'Framed Art', 'decor-and-furniture-wall-art-and-mirrors-framed-art'),
  ('Decor & Furniture', 'Wall Art & Mirrors', 2, 'Canvas Art', 'decor-and-furniture-wall-art-and-mirrors-canvas-art'),
  ('Decor & Furniture', 'Wall Art & Mirrors', 3, 'Wall Mirrors', 'decor-and-furniture-wall-art-and-mirrors-wall-mirrors'),
  ('Decor & Furniture', 'Wall Art & Mirrors', 4, 'Wall Decals', 'decor-and-furniture-wall-art-and-mirrors-wall-decals'),
  ('Decor & Furniture', 'Lighting Fixtures', 1, 'Chandeliers', 'decor-and-furniture-lighting-fixtures-chandeliers'),
  ('Decor & Furniture', 'Lighting Fixtures', 2, 'Pendant Lights', 'decor-and-furniture-lighting-fixtures-pendant-lights'),
  ('Decor & Furniture', 'Lighting Fixtures', 3, 'Table Lamps', 'decor-and-furniture-lighting-fixtures-table-lamps'),
  ('Decor & Furniture', 'Lighting Fixtures', 4, 'Floor Lamps', 'decor-and-furniture-lighting-fixtures-floor-lamps'),
  ('Decor & Furniture', 'Decorative Accents', 1, 'Decorative Bowls', 'decor-and-furniture-decorative-accents-decorative-bowls'),
  ('Decor & Furniture', 'Decorative Accents', 2, 'Sculptures', 'decor-and-furniture-decorative-accents-sculptures'),
  ('Decor & Furniture', 'Decorative Accents', 3, 'Clocks', 'decor-and-furniture-decorative-accents-clocks'),
  ('Decor & Furniture', 'Decorative Accents', 4, 'Photo Frames', 'decor-and-furniture-decorative-accents-photo-frames'),
  ('Decor & Furniture', 'Seasonal Decor', 1, 'Holiday Decor', 'decor-and-furniture-seasonal-decor-holiday-decor'),
  ('Decor & Furniture', 'Seasonal Decor', 2, 'Seasonal Wreaths', 'decor-and-furniture-seasonal-decor-seasonal-wreaths'),
  ('Decor & Furniture', 'Seasonal Decor', 3, 'Outdoor Decorations', 'decor-and-furniture-seasonal-decor-outdoor-decorations'),
  ('Electrical', 'Wire & Cable', 1, 'Electrical Wire', 'electrical-wire-and-cable-electrical-wire'),
  ('Electrical', 'Wire & Cable', 2, 'Extension Cords', 'electrical-wire-and-cable-extension-cords'),
  ('Electrical', 'Wire & Cable', 3, 'Phone Cable', 'electrical-wire-and-cable-phone-cable'),
  ('Electrical', 'Wire & Cable', 4, 'Coaxial Cable', 'electrical-wire-and-cable-coaxial-cable'),
  ('Electrical', 'Circuit Breakers & Panels', 1, 'Circuit Breakers', 'electrical-circuit-breakers-and-panels-circuit-breakers'),
  ('Electrical', 'Circuit Breakers & Panels', 2, 'Load Centers', 'electrical-circuit-breakers-and-panels-load-centers'),
  ('Electrical', 'Circuit Breakers & Panels', 3, 'Panel Accessories', 'electrical-circuit-breakers-and-panels-panel-accessories'),
  ('Electrical', 'Outlets & Switches', 1, 'Wall Outlets', 'electrical-outlets-and-switches-wall-outlets'),
  ('Electrical', 'Outlets & Switches', 2, 'Light Switches', 'electrical-outlets-and-switches-light-switches'),
  ('Electrical', 'Outlets & Switches', 3, 'GFCI Outlets', 'electrical-outlets-and-switches-gfci-outlets'),
  ('Electrical', 'Outlets & Switches', 4, 'USB Outlets', 'electrical-outlets-and-switches-usb-outlets'),
  ('Electrical', 'Light Bulbs', 1, 'LED Bulbs', 'electrical-light-bulbs-led-bulbs'),
  ('Electrical', 'Light Bulbs', 2, 'CFL Bulbs', 'electrical-light-bulbs-cfl-bulbs'),
  ('Electrical', 'Light Bulbs', 3, 'Halogen Bulbs', 'electrical-light-bulbs-halogen-bulbs'),
  ('Electrical', 'Light Bulbs', 4, 'Smart Bulbs', 'electrical-light-bulbs-smart-bulbs'),
  ('Electrical', 'Extension Cords & Power Strips', 1, 'Indoor Extension Cords', 'electrical-extension-cords-and-power-strips-indoor-extension-cords'),
  ('Electrical', 'Extension Cords & Power Strips', 2, 'Outdoor Extension Cords', 'electrical-extension-cords-and-power-strips-outdoor-extension-cords'),
  ('Electrical', 'Extension Cords & Power Strips', 3, 'Surge Protectors', 'electrical-extension-cords-and-power-strips-surge-protectors'),
  ('Electrical', 'Generators', 1, 'Portable Generators', 'electrical-generators-portable-generators'),
  ('Electrical', 'Generators', 2, 'Standby Generators', 'electrical-generators-standby-generators'),
  ('Electrical', 'Generators', 3, 'Inverter Generators', 'electrical-generators-inverter-generators'),
  ('Electrical', 'Security Systems', 1, 'Security Cameras', 'electrical-security-systems-security-cameras'),
  ('Electrical', 'Security Systems', 2, 'Alarm Systems', 'electrical-security-systems-alarm-systems'),
  ('Electrical', 'Security Systems', 3, 'Motion Sensors', 'electrical-security-systems-motion-sensors'),
  ('Electrical', 'Doorbells & Intercoms', 1, 'Video Doorbells', 'electrical-doorbells-and-intercoms-video-doorbells'),
  ('Electrical', 'Doorbells & Intercoms', 2, 'Wireless Doorbells', 'electrical-doorbells-and-intercoms-wireless-doorbells'),
  ('Electrical', 'Doorbells & Intercoms', 3, 'Intercom Systems', 'electrical-doorbells-and-intercoms-intercom-systems'),
  ('Electrical', 'Home Automation', 1, 'Smart Switches', 'electrical-home-automation-smart-switches'),
  ('Electrical', 'Home Automation', 2, 'Smart Outlets', 'electrical-home-automation-smart-outlets'),
  ('Electrical', 'Home Automation', 3, 'Smart Hubs', 'electrical-home-automation-smart-hubs'),
  ('Electrical', 'Home Automation', 4, 'Voice Control', 'electrical-home-automation-voice-control'),
  ('Electrical', 'Electrical Boxes & Covers', 1, 'Outlet Boxes', 'electrical-electrical-boxes-and-covers-outlet-boxes'),
  ('Electrical', 'Electrical Boxes & Covers', 2, 'Junction Boxes', 'electrical-electrical-boxes-and-covers-junction-boxes'),
  ('Electrical', 'Electrical Boxes & Covers', 3, 'Wall Plates', 'electrical-electrical-boxes-and-covers-wall-plates'),
  ('Flooring', 'Hardwood Flooring', 1, 'Solid Hardwood', 'flooring-hardwood-flooring-solid-hardwood'),
  ('Flooring', 'Hardwood Flooring', 2, 'Engineered Hardwood', 'flooring-hardwood-flooring-engineered-hardwood'),
  ('Flooring', 'Hardwood Flooring', 3, 'Prefinished Hardwood', 'flooring-hardwood-flooring-prefinished-hardwood'),
  ('Flooring', 'Laminate Flooring', 1, 'AC3 Laminate', 'flooring-laminate-flooring-ac3-laminate'),
  ('Flooring', 'Laminate Flooring', 2, 'AC4 Laminate', 'flooring-laminate-flooring-ac4-laminate'),
  ('Flooring', 'Laminate Flooring', 3, 'Waterproof Laminate', 'flooring-laminate-flooring-waterproof-laminate'),
  ('Flooring', 'Vinyl & Resilient Flooring', 1, 'Luxury Vinyl Plank', 'flooring-vinyl-and-resilient-flooring-luxury-vinyl-plank'),
  ('Flooring', 'Vinyl & Resilient Flooring', 2, 'Vinyl Sheet', 'flooring-vinyl-and-resilient-flooring-vinyl-sheet'),
  ('Flooring', 'Vinyl & Resilient Flooring', 3, 'Vinyl Tile', 'flooring-vinyl-and-resilient-flooring-vinyl-tile'),
  ('Flooring', 'Tile Flooring', 1, 'Ceramic Tile', 'flooring-tile-flooring-ceramic-tile'),
  ('Flooring', 'Tile Flooring', 2, 'Porcelain Tile', 'flooring-tile-flooring-porcelain-tile'),
  ('Flooring', 'Tile Flooring', 3, 'Mosaic Tile', 'flooring-tile-flooring-mosaic-tile'),
  ('Flooring', 'Tile Flooring', 4, 'Glass Tile', 'flooring-tile-flooring-glass-tile'),
  ('Flooring', 'Carpet & Carpet Tile', 1, 'Plush Carpet', 'flooring-carpet-and-carpet-tile-plush-carpet'),
  ('Flooring', 'Carpet & Carpet Tile', 2, 'Berber Carpet', 'flooring-carpet-and-carpet-tile-berber-carpet'),
  ('Flooring', 'Carpet & Carpet Tile', 3, 'Carpet Tiles', 'flooring-carpet-and-carpet-tile-carpet-tiles'),
  ('Flooring', 'Natural Stone Flooring', 1, 'Marble', 'flooring-natural-stone-flooring-marble'),
  ('Flooring', 'Natural Stone Flooring', 2, 'Granite', 'flooring-natural-stone-flooring-granite'),
  ('Flooring', 'Natural Stone Flooring', 3, 'Travertine', 'flooring-natural-stone-flooring-travertine'),
  ('Flooring', 'Natural Stone Flooring', 4, 'Slate', 'flooring-natural-stone-flooring-slate'),
  ('Flooring', 'Flooring Underlayment', 1, 'Foam Underlayment', 'flooring-flooring-underlayment-foam-underlayment'),
  ('Flooring', 'Flooring Underlayment', 2, 'Cork Underlayment', 'flooring-flooring-underlayment-cork-underlayment'),
  ('Flooring', 'Flooring Underlayment', 3, 'Moisture Barriers', 'flooring-flooring-underlayment-moisture-barriers'),
  ('Flooring', 'Floor Molding & Trim', 1, 'Baseboards', 'flooring-floor-molding-and-trim-baseboards'),
  ('Flooring', 'Floor Molding & Trim', 2, 'Quarter Round', 'flooring-floor-molding-and-trim-quarter-round'),
  ('Flooring', 'Floor Molding & Trim', 3, 'T-Molding', 'flooring-floor-molding-and-trim-t-molding'),
  ('Flooring', 'Floor Molding & Trim', 4, 'Reducers', 'flooring-floor-molding-and-trim-reducers'),
  ('Flooring', 'Flooring Tools & Accessories', 1, 'Floor Nailers', 'flooring-flooring-tools-and-accessories-floor-nailers'),
  ('Flooring', 'Flooring Tools & Accessories', 2, 'Spacers', 'flooring-flooring-tools-and-accessories-spacers'),
  ('Flooring', 'Flooring Tools & Accessories', 3, 'Trowels', 'flooring-flooring-tools-and-accessories-trowels'),
  ('Flooring', 'Flooring Tools & Accessories', 4, 'Grout Tools', 'flooring-flooring-tools-and-accessories-grout-tools'),
  ('Flooring', 'Floor Refinishing Products', 1, 'Wood Floor Stain', 'flooring-floor-refinishing-products-wood-floor-stain'),
  ('Flooring', 'Floor Refinishing Products', 2, 'Polyurethane', 'flooring-floor-refinishing-products-polyurethane'),
  ('Flooring', 'Floor Refinishing Products', 3, 'Floor Cleaners', 'flooring-floor-refinishing-products-floor-cleaners'),
  ('Hardware', 'Door Hardware & Locks', 1, 'Door Knobs', 'hardware-door-hardware-and-locks-door-knobs'),
  ('Hardware', 'Door Hardware & Locks', 2, 'Deadbolts', 'hardware-door-hardware-and-locks-deadbolts'),
  ('Hardware', 'Door Hardware & Locks', 3, 'Door Handles', 'hardware-door-hardware-and-locks-door-handles'),
  ('Hardware', 'Door Hardware & Locks', 4, 'Smart Locks', 'hardware-door-hardware-and-locks-smart-locks'),
  ('Hardware', 'Cabinet Hardware', 1, 'Cabinet Pulls', 'hardware-cabinet-hardware-cabinet-pulls'),
  ('Hardware', 'Cabinet Hardware', 2, 'Cabinet Knobs', 'hardware-cabinet-hardware-cabinet-knobs'),
  ('Hardware', 'Cabinet Hardware', 3, 'Cabinet Hinges', 'hardware-cabinet-hardware-cabinet-hinges'),
  ('Hardware', 'Hinges & Latches', 1, 'Door Hinges', 'hardware-hinges-and-latches-door-hinges'),
  ('Hardware', 'Hinges & Latches', 2, 'Gate Hinges', 'hardware-hinges-and-latches-gate-hinges'),
  ('Hardware', 'Hinges & Latches', 3, 'Cabinet Hinges', 'hardware-hinges-and-latches-cabinet-hinges'),
  ('Hardware', 'Hinges & Latches', 4, 'Latches', 'hardware-hinges-and-latches-latches'),
  ('Hardware', 'Fasteners & Anchors', 1, 'Screws', 'hardware-fasteners-and-anchors-screws'),
  ('Hardware', 'Fasteners & Anchors', 2, 'Nails', 'hardware-fasteners-and-anchors-nails'),
  ('Hardware', 'Fasteners & Anchors', 3, 'Bolts', 'hardware-fasteners-and-anchors-bolts'),
  ('Hardware', 'Fasteners & Anchors', 4, 'Wall Anchors', 'hardware-fasteners-and-anchors-wall-anchors'),
  ('Hardware', 'Chain & Rope', 1, 'Chains', 'hardware-chain-and-rope-chains'),
  ('Hardware', 'Chain & Rope', 2, 'Rope', 'hardware-chain-and-rope-rope'),
  ('Hardware', 'Chain & Rope', 3, 'Cable', 'hardware-chain-and-rope-cable'),
  ('Hardware', 'Chain & Rope', 4, 'Connectors', 'hardware-chain-and-rope-connectors'),
  ('Hardware', 'Safety & Security', 1, 'Padlocks', 'hardware-safety-and-security-padlocks'),
  ('Hardware', 'Safety & Security', 2, 'Hasps', 'hardware-safety-and-security-hasps'),
  ('Hardware', 'Safety & Security', 3, 'Security Cables', 'hardware-safety-and-security-security-cables'),
  ('Hardware', 'Safety & Security', 4, 'Safes', 'hardware-safety-and-security-safes'),
  ('Hardware', 'Gate Hardware', 1, 'Gate Latches', 'hardware-gate-hardware-gate-latches'),
  ('Hardware', 'Gate Hardware', 2, 'Gate Hinges', 'hardware-gate-hardware-gate-hinges'),
  ('Hardware', 'Gate Hardware', 3, 'Gate Handles', 'hardware-gate-hardware-gate-handles'),
  ('Hardware', 'Hooks & Hangers', 1, 'Wall Hooks', 'hardware-hooks-and-hangers-wall-hooks'),
  ('Hardware', 'Hooks & Hangers', 2, 'Ceiling Hooks', 'hardware-hooks-and-hangers-ceiling-hooks'),
  ('Hardware', 'Hooks & Hangers', 3, 'Coat Hooks', 'hardware-hooks-and-hangers-coat-hooks'),
  ('Hardware', 'Numbers & Letters', 1, 'House Numbers', 'hardware-numbers-and-letters-house-numbers'),
  ('Hardware', 'Numbers & Letters', 2, 'Mailbox Letters', 'hardware-numbers-and-letters-mailbox-letters'),
  ('Hardware', 'Numbers & Letters', 3, 'Address Plaques', 'hardware-numbers-and-letters-address-plaques'),
  ('Hardware', 'Furniture Hardware', 1, 'Furniture Legs', 'hardware-furniture-hardware-furniture-legs'),
  ('Hardware', 'Furniture Hardware', 2, 'Casters', 'hardware-furniture-hardware-casters'),
  ('Hardware', 'Furniture Hardware', 3, 'Furniture Glides', 'hardware-furniture-hardware-furniture-glides'),
  ('Heating & Cooling', 'Furnaces & Heaters', 1, 'Gas Furnaces', 'heating-and-cooling-furnaces-and-heaters-gas-furnaces'),
  ('Heating & Cooling', 'Furnaces & Heaters', 2, 'Electric Furnaces', 'heating-and-cooling-furnaces-and-heaters-electric-furnaces'),
  ('Heating & Cooling', 'Furnaces & Heaters', 3, 'Wall Heaters', 'heating-and-cooling-furnaces-and-heaters-wall-heaters'),
  ('Heating & Cooling', 'Air Conditioners', 1, 'Central AC', 'heating-and-cooling-air-conditioners-central-ac'),
  ('Heating & Cooling', 'Air Conditioners', 2, 'Window AC', 'heating-and-cooling-air-conditioners-window-ac'),
  ('Heating & Cooling', 'Air Conditioners', 3, 'Portable AC', 'heating-and-cooling-air-conditioners-portable-ac'),
  ('Heating & Cooling', 'Air Conditioners', 4, 'Ductless Mini-Split', 'heating-and-cooling-air-conditioners-ductless-mini-split'),
  ('Heating & Cooling', 'Thermostats & Controls', 1, 'Smart Thermostats', 'heating-and-cooling-thermostats-and-controls-smart-thermostats'),
  ('Heating & Cooling', 'Thermostats & Controls', 2, 'Programmable Thermostats', 'heating-and-cooling-thermostats-and-controls-programmable-thermostats'),
  ('Heating & Cooling', 'Thermostats & Controls', 3, 'Manual Thermostats', 'heating-and-cooling-thermostats-and-controls-manual-thermostats'),
  ('Heating & Cooling', 'Ductwork & Vents', 1, 'Duct Pipe', 'heating-and-cooling-ductwork-and-vents-duct-pipe'),
  ('Heating & Cooling', 'Ductwork & Vents', 2, 'Duct Fittings', 'heating-and-cooling-ductwork-and-vents-duct-fittings'),
  ('Heating & Cooling', 'Ductwork & Vents', 3, 'Floor Vents', 'heating-and-cooling-ductwork-and-vents-floor-vents'),
  ('Heating & Cooling', 'Ductwork & Vents', 4, 'Grilles', 'heating-and-cooling-ductwork-and-vents-grilles'),
  ('Heating & Cooling', 'Air Purifiers & Humidifiers', 1, 'Air Purifiers', 'heating-and-cooling-air-purifiers-and-humidifiers-air-purifiers'),
  ('Heating & Cooling', 'Air Purifiers & Humidifiers', 2, 'Humidifiers', 'heating-and-cooling-air-purifiers-and-humidifiers-humidifiers'),
  ('Heating & Cooling', 'Air Purifiers & Humidifiers', 3, 'Dehumidifiers', 'heating-and-cooling-air-purifiers-and-humidifiers-dehumidifiers'),
  ('Heating & Cooling', 'Ceiling Fans', 1, 'Indoor Ceiling Fans', 'heating-and-cooling-ceiling-fans-indoor-ceiling-fans'),
  ('Heating & Cooling', 'Ceiling Fans', 2, 'Outdoor Ceiling Fans', 'heating-and-cooling-ceiling-fans-outdoor-ceiling-fans'),
  ('Heating & Cooling', 'Ceiling Fans', 3, 'Fan Accessories', 'heating-and-cooling-ceiling-fans-fan-accessories'),
  ('Heating & Cooling', 'Portable Heaters', 1, 'Electric Heaters', 'heating-and-cooling-portable-heaters-electric-heaters'),
  ('Heating & Cooling', 'Portable Heaters', 2, 'Propane Heaters', 'heating-and-cooling-portable-heaters-propane-heaters'),
  ('Heating & Cooling', 'Portable Heaters', 3, 'Infrared Heaters', 'heating-and-cooling-portable-heaters-infrared-heaters'),
  ('Heating & Cooling', 'Fireplaces & Stoves', 1, 'Gas Fireplaces', 'heating-and-cooling-fireplaces-and-stoves-gas-fireplaces'),
  ('Heating & Cooling', 'Fireplaces & Stoves', 2, 'Electric Fireplaces', 'heating-and-cooling-fireplaces-and-stoves-electric-fireplaces'),
  ('Heating & Cooling', 'Fireplaces & Stoves', 3, 'Wood Stoves', 'heating-and-cooling-fireplaces-and-stoves-wood-stoves'),
  ('Heating & Cooling', 'HVAC Filters', 1, 'Furnace Filters', 'heating-and-cooling-hvac-filters-furnace-filters'),
  ('Heating & Cooling', 'HVAC Filters', 2, 'AC Filters', 'heating-and-cooling-hvac-filters-ac-filters'),
  ('Heating & Cooling', 'HVAC Filters', 3, 'HEPA Filters', 'heating-and-cooling-hvac-filters-hepa-filters'),
  ('Heating & Cooling', 'Ventilation Fans', 1, 'Bathroom Fans', 'heating-and-cooling-ventilation-fans-bathroom-fans'),
  ('Heating & Cooling', 'Ventilation Fans', 2, 'Kitchen Fans', 'heating-and-cooling-ventilation-fans-kitchen-fans'),
  ('Heating & Cooling', 'Ventilation Fans', 3, 'Whole House Fans', 'heating-and-cooling-ventilation-fans-whole-house-fans'),
  ('Kitchen', 'Kitchen Cabinets', 1, 'Base Cabinets', 'kitchen-kitchen-cabinets-base-cabinets'),
  ('Kitchen', 'Kitchen Cabinets', 2, 'Wall Cabinets', 'kitchen-kitchen-cabinets-wall-cabinets'),
  ('Kitchen', 'Kitchen Cabinets', 3, 'Pantry Cabinets', 'kitchen-kitchen-cabinets-pantry-cabinets'),
  ('Kitchen', 'Kitchen Cabinets', 4, 'Cabinet Doors', 'kitchen-kitchen-cabinets-cabinet-doors'),
  ('Kitchen', 'Countertops', 1, 'Granite Countertops', 'kitchen-countertops-granite-countertops'),
  ('Kitchen', 'Countertops', 2, 'Quartz Countertops', 'kitchen-countertops-quartz-countertops'),
  ('Kitchen', 'Countertops', 3, 'Laminate Countertops', 'kitchen-countertops-laminate-countertops'),
  ('Kitchen', 'Kitchen Sinks', 1, 'Undermount Sinks', 'kitchen-kitchen-sinks-undermount-sinks'),
  ('Kitchen', 'Kitchen Sinks', 2, 'Drop-In Sinks', 'kitchen-kitchen-sinks-drop-in-sinks'),
  ('Kitchen', 'Kitchen Sinks', 3, 'Farmhouse Sinks', 'kitchen-kitchen-sinks-farmhouse-sinks'),
  ('Kitchen', 'Kitchen Faucets', 1, 'Pull-Down Faucets', 'kitchen-kitchen-faucets-pull-down-faucets'),
  ('Kitchen', 'Kitchen Faucets', 2, 'Pull-Out Faucets', 'kitchen-kitchen-faucets-pull-out-faucets'),
  ('Kitchen', 'Kitchen Faucets', 3, 'Pot Fillers', 'kitchen-kitchen-faucets-pot-fillers'),
  ('Kitchen', 'Backsplashes', 1, 'Tile Backsplash', 'kitchen-backsplashes-tile-backsplash'),
  ('Kitchen', 'Backsplashes', 2, 'Glass Backsplash', 'kitchen-backsplashes-glass-backsplash'),
  ('Kitchen', 'Backsplashes', 3, 'Stone Backsplash', 'kitchen-backsplashes-stone-backsplash'),
  ('Kitchen', 'Kitchen Islands & Carts', 1, 'Kitchen Islands', 'kitchen-kitchen-islands-and-carts-kitchen-islands'),
  ('Kitchen', 'Kitchen Islands & Carts', 2, 'Kitchen Carts', 'kitchen-kitchen-islands-and-carts-kitchen-carts'),
  ('Kitchen', 'Kitchen Islands & Carts', 3, 'Butcher Blocks', 'kitchen-kitchen-islands-and-carts-butcher-blocks'),
  ('Kitchen', 'Pantry Storage', 1, 'Pantry Shelving', 'kitchen-pantry-storage-pantry-shelving'),
  ('Kitchen', 'Pantry Storage', 2, 'Pull-Out Organizers', 'kitchen-pantry-storage-pull-out-organizers'),
  ('Kitchen', 'Pantry Storage', 3, 'Storage Containers', 'kitchen-pantry-storage-storage-containers'),
  ('Kitchen', 'Kitchen Lighting', 1, 'Under Cabinet Lights', 'kitchen-kitchen-lighting-under-cabinet-lights'),
  ('Kitchen', 'Kitchen Lighting', 2, 'Pendant Lights', 'kitchen-kitchen-lighting-pendant-lights'),
  ('Kitchen', 'Kitchen Lighting', 3, 'Recessed Lights', 'kitchen-kitchen-lighting-recessed-lights'),
  ('Kitchen', 'Kitchen Hardware', 1, 'Cabinet Pulls', 'kitchen-kitchen-hardware-cabinet-pulls'),
  ('Kitchen', 'Kitchen Hardware', 2, 'Cabinet Knobs', 'kitchen-kitchen-hardware-cabinet-knobs'),
  ('Kitchen', 'Kitchen Hardware', 3, 'Drawer Slides', 'kitchen-kitchen-hardware-drawer-slides'),
  ('Kitchen', 'Kitchen Accessories', 1, 'Cutting Boards', 'kitchen-kitchen-accessories-cutting-boards'),
  ('Kitchen', 'Kitchen Accessories', 2, 'Knife Blocks', 'kitchen-kitchen-accessories-knife-blocks'),
  ('Kitchen', 'Kitchen Accessories', 3, 'Dish Racks', 'kitchen-kitchen-accessories-dish-racks'),
  ('Lawn & Garden', 'Lawn Mowers', 1, 'Push Mowers', 'lawn-and-garden-lawn-mowers-push-mowers'),
  ('Lawn & Garden', 'Lawn Mowers', 2, 'Riding Mowers', 'lawn-and-garden-lawn-mowers-riding-mowers'),
  ('Lawn & Garden', 'Lawn Mowers', 3, 'Zero-Turn Mowers', 'lawn-and-garden-lawn-mowers-zero-turn-mowers'),
  ('Lawn & Garden', 'Lawn Mowers', 4, 'Robotic Mowers', 'lawn-and-garden-lawn-mowers-robotic-mowers'),
  ('Lawn & Garden', 'Trimmers & Edgers', 1, 'String Trimmers', 'lawn-and-garden-trimmers-and-edgers-string-trimmers'),
  ('Lawn & Garden', 'Trimmers & Edgers', 2, 'Lawn Edgers', 'lawn-and-garden-trimmers-and-edgers-lawn-edgers'),
  ('Lawn & Garden', 'Trimmers & Edgers', 3, 'Hedge Trimmers', 'lawn-and-garden-trimmers-and-edgers-hedge-trimmers'),
  ('Lawn & Garden', 'Garden Tools', 1, 'Shovels', 'lawn-and-garden-garden-tools-shovels'),
  ('Lawn & Garden', 'Garden Tools', 2, 'Rakes', 'lawn-and-garden-garden-tools-rakes'),
  ('Lawn & Garden', 'Garden Tools', 3, 'Hoes', 'lawn-and-garden-garden-tools-hoes'),
  ('Lawn & Garden', 'Garden Tools', 4, 'Pruners', 'lawn-and-garden-garden-tools-pruners'),
  ('Lawn & Garden', 'Garden Tools', 5, 'Garden Hoses', 'lawn-and-garden-garden-tools-garden-hoses'),
  ('Lawn & Garden', 'Pressure Washers', 1, 'Electric Pressure Washers', 'lawn-and-garden-pressure-washers-electric-pressure-washers'),
  ('Lawn & Garden', 'Pressure Washers', 2, 'Gas Pressure Washers', 'lawn-and-garden-pressure-washers-gas-pressure-washers'),
  ('Lawn & Garden', 'Outdoor Power Equipment', 1, 'Chainsaws', 'lawn-and-garden-outdoor-power-equipment-chainsaws'),
  ('Lawn & Garden', 'Outdoor Power Equipment', 2, 'Leaf Blowers', 'lawn-and-garden-outdoor-power-equipment-leaf-blowers'),
  ('Lawn & Garden', 'Outdoor Power Equipment', 3, 'Snow Blowers', 'lawn-and-garden-outdoor-power-equipment-snow-blowers'),
  ('Lawn & Garden', 'Fertilizers & Chemicals', 1, 'Lawn Fertilizer', 'lawn-and-garden-fertilizers-and-chemicals-lawn-fertilizer'),
  ('Lawn & Garden', 'Fertilizers & Chemicals', 2, 'Weed Killer', 'lawn-and-garden-fertilizers-and-chemicals-weed-killer'),
  ('Lawn & Garden', 'Fertilizers & Chemicals', 3, 'Pest Control', 'lawn-and-garden-fertilizers-and-chemicals-pest-control'),
  ('Lawn & Garden', 'Seeds & Plants', 1, 'Grass Seed', 'lawn-and-garden-seeds-and-plants-grass-seed'),
  ('Lawn & Garden', 'Seeds & Plants', 2, 'Flower Seeds', 'lawn-and-garden-seeds-and-plants-flower-seeds'),
  ('Lawn & Garden', 'Seeds & Plants', 3, 'Vegetable Seeds', 'lawn-and-garden-seeds-and-plants-vegetable-seeds'),
  ('Lawn & Garden', 'Seeds & Plants', 4, 'Plants', 'lawn-and-garden-seeds-and-plants-plants'),
  ('Lawn & Garden', 'Watering & Irrigation', 1, 'Sprinklers', 'lawn-and-garden-watering-and-irrigation-sprinklers'),
  ('Lawn & Garden', 'Watering & Irrigation', 2, 'Drip Irrigation', 'lawn-and-garden-watering-and-irrigation-drip-irrigation'),
  ('Lawn & Garden', 'Watering & Irrigation', 3, 'Watering Timers', 'lawn-and-garden-watering-and-irrigation-watering-timers'),
  ('Lawn & Garden', 'Pots & Planters', 1, 'Ceramic Pots', 'lawn-and-garden-pots-and-planters-ceramic-pots'),
  ('Lawn & Garden', 'Pots & Planters', 2, 'Plastic Planters', 'lawn-and-garden-pots-and-planters-plastic-planters'),
  ('Lawn & Garden', 'Pots & Planters', 3, 'Hanging Baskets', 'lawn-and-garden-pots-and-planters-hanging-baskets'),
  ('Lawn & Garden', 'Garden Décor', 1, 'Garden Statues', 'lawn-and-garden-garden-d-cor-garden-statues'),
  ('Lawn & Garden', 'Garden Décor', 2, 'Wind Chimes', 'lawn-and-garden-garden-d-cor-wind-chimes'),
  ('Lawn & Garden', 'Garden Décor', 3, 'Bird Baths', 'lawn-and-garden-garden-d-cor-bird-baths'),
  ('Lawn & Garden', 'Garden Décor', 4, 'Garden Flags', 'lawn-and-garden-garden-d-cor-garden-flags'),
  ('Lighting & Fans', 'Ceiling Lights', 1, 'Flush Mount', 'lighting-and-fans-ceiling-lights-flush-mount'),
  ('Lighting & Fans', 'Ceiling Lights', 2, 'Semi-Flush Mount', 'lighting-and-fans-ceiling-lights-semi-flush-mount'),
  ('Lighting & Fans', 'Ceiling Lights', 3, 'Ceiling Fans with Lights', 'lighting-and-fans-ceiling-lights-ceiling-fans-with-lights'),
  ('Lighting & Fans', 'Chandeliers & Pendants', 1, 'Crystal Chandeliers', 'lighting-and-fans-chandeliers-and-pendants-crystal-chandeliers'),
  ('Lighting & Fans', 'Chandeliers & Pendants', 2, 'Modern Pendants', 'lighting-and-fans-chandeliers-and-pendants-modern-pendants'),
  ('Lighting & Fans', 'Chandeliers & Pendants', 3, 'Island Lights', 'lighting-and-fans-chandeliers-and-pendants-island-lights'),
  ('Lighting & Fans', 'Wall Sconces', 1, 'Indoor Sconces', 'lighting-and-fans-wall-sconces-indoor-sconces'),
  ('Lighting & Fans', 'Wall Sconces', 2, 'Outdoor Sconces', 'lighting-and-fans-wall-sconces-outdoor-sconces'),
  ('Lighting & Fans', 'Wall Sconces', 3, 'Vanity Lights', 'lighting-and-fans-wall-sconces-vanity-lights'),
  ('Lighting & Fans', 'Track & Rail Lighting', 1, 'Track Lighting Kits', 'lighting-and-fans-track-and-rail-lighting-track-lighting-kits'),
  ('Lighting & Fans', 'Track & Rail Lighting', 2, 'Track Heads', 'lighting-and-fans-track-and-rail-lighting-track-heads'),
  ('Lighting & Fans', 'Track & Rail Lighting', 3, 'Monorail Systems', 'lighting-and-fans-track-and-rail-lighting-monorail-systems'),
  ('Lighting & Fans', 'Recessed Lighting', 1, 'Recessed Cans', 'lighting-and-fans-recessed-lighting-recessed-cans'),
  ('Lighting & Fans', 'Recessed Lighting', 2, 'Recessed Trims', 'lighting-and-fans-recessed-lighting-recessed-trims'),
  ('Lighting & Fans', 'Recessed Lighting', 3, 'Retrofit Kits', 'lighting-and-fans-recessed-lighting-retrofit-kits'),
  ('Lighting & Fans', 'Outdoor Lighting', 1, 'Path Lights', 'lighting-and-fans-outdoor-lighting-path-lights'),
  ('Lighting & Fans', 'Outdoor Lighting', 2, 'Spotlights', 'lighting-and-fans-outdoor-lighting-spotlights'),
  ('Lighting & Fans', 'Outdoor Lighting', 3, 'Post Lights', 'lighting-and-fans-outdoor-lighting-post-lights'),
  ('Lighting & Fans', 'Outdoor Lighting', 4, 'String Lights', 'lighting-and-fans-outdoor-lighting-string-lights'),
  ('Lighting & Fans', 'Ceiling Fans', 1, 'Indoor Fans', 'lighting-and-fans-ceiling-fans-indoor-fans'),
  ('Lighting & Fans', 'Ceiling Fans', 2, 'Outdoor Fans', 'lighting-and-fans-ceiling-fans-outdoor-fans'),
  ('Lighting & Fans', 'Ceiling Fans', 3, 'Fan Accessories', 'lighting-and-fans-ceiling-fans-fan-accessories'),
  ('Lighting & Fans', 'Light Bulbs', 1, 'LED Bulbs', 'lighting-and-fans-light-bulbs-led-bulbs'),
  ('Lighting & Fans', 'Light Bulbs', 2, 'CFL Bulbs', 'lighting-and-fans-light-bulbs-cfl-bulbs'),
  ('Lighting & Fans', 'Light Bulbs', 3, 'Smart Bulbs', 'lighting-and-fans-light-bulbs-smart-bulbs'),
  ('Lighting & Fans', 'Light Bulbs', 4, 'Specialty Bulbs', 'lighting-and-fans-light-bulbs-specialty-bulbs'),
  ('Lighting & Fans', 'Lamp Shades', 1, 'Drum Shades', 'lighting-and-fans-lamp-shades-drum-shades'),
  ('Lighting & Fans', 'Lamp Shades', 2, 'Empire Shades', 'lighting-and-fans-lamp-shades-empire-shades'),
  ('Lighting & Fans', 'Lamp Shades', 3, 'Bell Shades', 'lighting-and-fans-lamp-shades-bell-shades'),
  ('Lighting & Fans', 'Smart Lighting', 1, 'Smart Switches', 'lighting-and-fans-smart-lighting-smart-switches'),
  ('Lighting & Fans', 'Smart Lighting', 2, 'Smart Bulbs', 'lighting-and-fans-smart-lighting-smart-bulbs'),
  ('Lighting & Fans', 'Smart Lighting', 3, 'Lighting Controllers', 'lighting-and-fans-smart-lighting-lighting-controllers'),
  ('Outdoor Living', 'Patio Furniture', 1, 'Patio Sets', 'outdoor-living-patio-furniture-patio-sets'),
  ('Outdoor Living', 'Patio Furniture', 2, 'Lounge Chairs', 'outdoor-living-patio-furniture-lounge-chairs'),
  ('Outdoor Living', 'Patio Furniture', 3, 'Outdoor Sofas', 'outdoor-living-patio-furniture-outdoor-sofas'),
  ('Outdoor Living', 'Patio Furniture', 4, 'Adirondack Chairs', 'outdoor-living-patio-furniture-adirondack-chairs'),
  ('Outdoor Living', 'Grills & Outdoor Cooking', 1, 'Gas Grills', 'outdoor-living-grills-and-outdoor-cooking-gas-grills'),
  ('Outdoor Living', 'Grills & Outdoor Cooking', 2, 'Charcoal Grills', 'outdoor-living-grills-and-outdoor-cooking-charcoal-grills'),
  ('Outdoor Living', 'Grills & Outdoor Cooking', 3, 'Pellet Grills', 'outdoor-living-grills-and-outdoor-cooking-pellet-grills'),
  ('Outdoor Living', 'Grills & Outdoor Cooking', 4, 'Smokers', 'outdoor-living-grills-and-outdoor-cooking-smokers'),
  ('Outdoor Living', 'Outdoor Heating', 1, 'Patio Heaters', 'outdoor-living-outdoor-heating-patio-heaters'),
  ('Outdoor Living', 'Outdoor Heating', 2, 'Fire Tables', 'outdoor-living-outdoor-heating-fire-tables'),
  ('Outdoor Living', 'Outdoor Heating', 3, 'Chimineas', 'outdoor-living-outdoor-heating-chimineas'),
  ('Outdoor Living', 'Gazebos & Pergolas', 1, 'Gazebos', 'outdoor-living-gazebos-and-pergolas-gazebos'),
  ('Outdoor Living', 'Gazebos & Pergolas', 2, 'Pergolas', 'outdoor-living-gazebos-and-pergolas-pergolas'),
  ('Outdoor Living', 'Gazebos & Pergolas', 3, 'Pavilions', 'outdoor-living-gazebos-and-pergolas-pavilions'),
  ('Outdoor Living', 'Gazebos & Pergolas', 4, 'Canopies', 'outdoor-living-gazebos-and-pergolas-canopies'),
  ('Outdoor Living', 'Patio Umbrellas', 1, 'Market Umbrellas', 'outdoor-living-patio-umbrellas-market-umbrellas'),
  ('Outdoor Living', 'Patio Umbrellas', 2, 'Cantilever Umbrellas', 'outdoor-living-patio-umbrellas-cantilever-umbrellas'),
  ('Outdoor Living', 'Patio Umbrellas', 3, 'Umbrella Bases', 'outdoor-living-patio-umbrellas-umbrella-bases'),
  ('Outdoor Living', 'Outdoor Cushions', 1, 'Chair Cushions', 'outdoor-living-outdoor-cushions-chair-cushions'),
  ('Outdoor Living', 'Outdoor Cushions', 2, 'Bench Cushions', 'outdoor-living-outdoor-cushions-bench-cushions'),
  ('Outdoor Living', 'Outdoor Cushions', 3, 'Pillow Sets', 'outdoor-living-outdoor-cushions-pillow-sets'),
  ('Outdoor Living', 'Fire Pits & Fireplaces', 1, 'Wood Fire Pits', 'outdoor-living-fire-pits-and-fireplaces-wood-fire-pits'),
  ('Outdoor Living', 'Fire Pits & Fireplaces', 2, 'Gas Fire Pits', 'outdoor-living-fire-pits-and-fireplaces-gas-fire-pits'),
  ('Outdoor Living', 'Fire Pits & Fireplaces', 3, 'Outdoor Fireplaces', 'outdoor-living-fire-pits-and-fireplaces-outdoor-fireplaces'),
  ('Outdoor Living', 'Outdoor Storage', 1, 'Deck Boxes', 'outdoor-living-outdoor-storage-deck-boxes'),
  ('Outdoor Living', 'Outdoor Storage', 2, 'Sheds', 'outdoor-living-outdoor-storage-sheds'),
  ('Outdoor Living', 'Outdoor Storage', 3, 'Storage Benches', 'outdoor-living-outdoor-storage-storage-benches'),
  ('Outdoor Living', 'Playsets & Trampolines', 1, 'Swing Sets', 'outdoor-living-playsets-and-trampolines-swing-sets'),
  ('Outdoor Living', 'Playsets & Trampolines', 2, 'Trampolines', 'outdoor-living-playsets-and-trampolines-trampolines'),
  ('Outdoor Living', 'Playsets & Trampolines', 3, 'Playhouses', 'outdoor-living-playsets-and-trampolines-playhouses'),
  ('Outdoor Living', 'Outdoor Décor', 1, 'Garden Statues', 'outdoor-living-outdoor-d-cor-garden-statues'),
  ('Outdoor Living', 'Outdoor Décor', 2, 'Fountains', 'outdoor-living-outdoor-d-cor-fountains'),
  ('Outdoor Living', 'Outdoor Décor', 3, 'Planters', 'outdoor-living-outdoor-d-cor-planters'),
  ('Outdoor Living', 'Outdoor Décor', 4, 'Wind Chimes', 'outdoor-living-outdoor-d-cor-wind-chimes'),
  ('Paint', 'Interior Paint', 1, 'Wall Paint', 'paint-interior-paint-wall-paint'),
  ('Paint', 'Interior Paint', 2, 'Ceiling Paint', 'paint-interior-paint-ceiling-paint'),
  ('Paint', 'Interior Paint', 3, 'Trim Paint', 'paint-interior-paint-trim-paint'),
  ('Paint', 'Interior Paint', 4, 'Cabinet Paint', 'paint-interior-paint-cabinet-paint'),
  ('Paint', 'Exterior Paint', 1, 'House Paint', 'paint-exterior-paint-house-paint'),
  ('Paint', 'Exterior Paint', 2, 'Deck Paint', 'paint-exterior-paint-deck-paint'),
  ('Paint', 'Exterior Paint', 3, 'Fence Paint', 'paint-exterior-paint-fence-paint'),
  ('Paint', 'Exterior Paint', 4, 'Masonry Paint', 'paint-exterior-paint-masonry-paint'),
  ('Paint', 'Primers & Sealers', 1, 'Interior Primer', 'paint-primers-and-sealers-interior-primer'),
  ('Paint', 'Primers & Sealers', 2, 'Exterior Primer', 'paint-primers-and-sealers-exterior-primer'),
  ('Paint', 'Primers & Sealers', 3, 'Sealers', 'paint-primers-and-sealers-sealers'),
  ('Paint', 'Primers & Sealers', 4, 'Bonding Primer', 'paint-primers-and-sealers-bonding-primer'),
  ('Paint', 'Spray Paint', 1, 'Spray Paint Cans', 'paint-spray-paint-spray-paint-cans'),
  ('Paint', 'Spray Paint', 2, 'Primer Spray', 'paint-spray-paint-primer-spray'),
  ('Paint', 'Spray Paint', 3, 'Specialty Spray', 'paint-spray-paint-specialty-spray'),
  ('Paint', 'Stains & Finishes', 1, 'Wood Stain', 'paint-stains-and-finishes-wood-stain'),
  ('Paint', 'Stains & Finishes', 2, 'Deck Stain', 'paint-stains-and-finishes-deck-stain'),
  ('Paint', 'Stains & Finishes', 3, 'Polyurethane', 'paint-stains-and-finishes-polyurethane'),
  ('Paint', 'Stains & Finishes', 4, 'Varnish', 'paint-stains-and-finishes-varnish'),
  ('Paint', 'Paint Brushes & Rollers', 1, 'Paint Brushes', 'paint-paint-brushes-and-rollers-paint-brushes'),
  ('Paint', 'Paint Brushes & Rollers', 2, 'Paint Rollers', 'paint-paint-brushes-and-rollers-paint-rollers'),
  ('Paint', 'Paint Brushes & Rollers', 3, 'Roller Covers', 'paint-paint-brushes-and-rollers-roller-covers'),
  ('Paint', 'Paint Trays & Supplies', 1, 'Paint Trays', 'paint-paint-trays-and-supplies-paint-trays'),
  ('Paint', 'Paint Trays & Supplies', 2, 'Liners', 'paint-paint-trays-and-supplies-liners'),
  ('Paint', 'Paint Trays & Supplies', 3, 'Pour Spouts', 'paint-paint-trays-and-supplies-pour-spouts'),
  ('Paint', 'Painter''s Tape', 1, 'Blue Tape', 'paint-painter-s-tape-blue-tape'),
  ('Paint', 'Painter''s Tape', 2, 'Green Tape', 'paint-painter-s-tape-green-tape'),
  ('Paint', 'Painter''s Tape', 3, 'Masking Tape', 'paint-painter-s-tape-masking-tape'),
  ('Paint', 'Paint Strippers & Removers', 1, 'Paint Stripper', 'paint-paint-strippers-and-removers-paint-stripper'),
  ('Paint', 'Paint Strippers & Removers', 2, 'Graffiti Remover', 'paint-paint-strippers-and-removers-graffiti-remover'),
  ('Paint', 'Paint Strippers & Removers', 3, 'Adhesive Remover', 'paint-paint-strippers-and-removers-adhesive-remover'),
  ('Paint', 'Color Samples', 1, 'Paint Chips', 'paint-color-samples-paint-chips'),
  ('Paint', 'Color Samples', 2, 'Sample Pots', 'paint-color-samples-sample-pots'),
  ('Paint', 'Color Samples', 3, 'Color Cards', 'paint-color-samples-color-cards'),
  ('Plumbing', 'Pipes & Fittings', 1, 'PVC Pipe', 'plumbing-pipes-and-fittings-pvc-pipe'),
  ('Plumbing', 'Pipes & Fittings', 2, 'Copper Pipe', 'plumbing-pipes-and-fittings-copper-pipe'),
  ('Plumbing', 'Pipes & Fittings', 3, 'PEX Pipe', 'plumbing-pipes-and-fittings-pex-pipe'),
  ('Plumbing', 'Pipes & Fittings', 4, 'Pipe Fittings', 'plumbing-pipes-and-fittings-pipe-fittings'),
  ('Plumbing', 'Faucets & Fixtures', 1, 'Kitchen Faucets', 'plumbing-faucets-and-fixtures-kitchen-faucets'),
  ('Plumbing', 'Faucets & Fixtures', 2, 'Bathroom Faucets', 'plumbing-faucets-and-fixtures-bathroom-faucets'),
  ('Plumbing', 'Faucets & Fixtures', 3, 'Shower Heads', 'plumbing-faucets-and-fixtures-shower-heads'),
  ('Plumbing', 'Toilets & Toilet Parts', 1, 'Toilets', 'plumbing-toilets-and-toilet-parts-toilets'),
  ('Plumbing', 'Toilets & Toilet Parts', 2, 'Toilet Seats', 'plumbing-toilets-and-toilet-parts-toilet-seats'),
  ('Plumbing', 'Toilets & Toilet Parts', 3, 'Flappers', 'plumbing-toilets-and-toilet-parts-flappers'),
  ('Plumbing', 'Toilets & Toilet Parts', 4, 'Fill Valves', 'plumbing-toilets-and-toilet-parts-fill-valves'),
  ('Plumbing', 'Sinks & Drains', 1, 'Kitchen Sinks', 'plumbing-sinks-and-drains-kitchen-sinks'),
  ('Plumbing', 'Sinks & Drains', 2, 'Bathroom Sinks', 'plumbing-sinks-and-drains-bathroom-sinks'),
  ('Plumbing', 'Sinks & Drains', 3, 'Drain Parts', 'plumbing-sinks-and-drains-drain-parts'),
  ('Plumbing', 'Water Heaters', 1, 'Tank Water Heaters', 'plumbing-water-heaters-tank-water-heaters'),
  ('Plumbing', 'Water Heaters', 2, 'Tankless Water Heaters', 'plumbing-water-heaters-tankless-water-heaters'),
  ('Plumbing', 'Water Heaters', 3, 'Heat Pump', 'plumbing-water-heaters-heat-pump'),
  ('Plumbing', 'Pumps & Tanks', 1, 'Sump Pumps', 'plumbing-pumps-and-tanks-sump-pumps'),
  ('Plumbing', 'Pumps & Tanks', 2, 'Well Pumps', 'plumbing-pumps-and-tanks-well-pumps'),
  ('Plumbing', 'Pumps & Tanks', 3, 'Pressure Tanks', 'plumbing-pumps-and-tanks-pressure-tanks'),
  ('Plumbing', 'Valves & Manifolds', 1, 'Shut-Off Valves', 'plumbing-valves-and-manifolds-shut-off-valves'),
  ('Plumbing', 'Valves & Manifolds', 2, 'Ball Valves', 'plumbing-valves-and-manifolds-ball-valves'),
  ('Plumbing', 'Valves & Manifolds', 3, 'PEX Manifolds', 'plumbing-valves-and-manifolds-pex-manifolds'),
  ('Plumbing', 'Plumbing Tools', 1, 'Pipe Wrenches', 'plumbing-plumbing-tools-pipe-wrenches'),
  ('Plumbing', 'Plumbing Tools', 2, 'Pipe Cutters', 'plumbing-plumbing-tools-pipe-cutters'),
  ('Plumbing', 'Plumbing Tools', 3, 'Augers', 'plumbing-plumbing-tools-augers'),
  ('Plumbing', 'Plumbing Tools', 4, 'Plungers', 'plumbing-plumbing-tools-plungers'),
  ('Plumbing', 'Water Filtration', 1, 'Water Filters', 'plumbing-water-filtration-water-filters'),
  ('Plumbing', 'Water Filtration', 2, 'Softeners', 'plumbing-water-filtration-softeners'),
  ('Plumbing', 'Water Filtration', 3, 'Under Sink Filters', 'plumbing-water-filtration-under-sink-filters'),
  ('Plumbing', 'Plumbing Repair & Maintenance', 1, 'Sealants', 'plumbing-plumbing-repair-and-maintenance-sealants'),
  ('Plumbing', 'Plumbing Repair & Maintenance', 2, 'Tape', 'plumbing-plumbing-repair-and-maintenance-tape'),
  ('Plumbing', 'Plumbing Repair & Maintenance', 3, 'Plumbers Putty', 'plumbing-plumbing-repair-and-maintenance-plumbers-putty'),
  ('Storage & Organization', 'Shelving Units', 1, 'Wire Shelving', 'storage-and-organization-shelving-units-wire-shelving'),
  ('Storage & Organization', 'Shelving Units', 2, 'Wood Shelving', 'storage-and-organization-shelving-units-wood-shelving'),
  ('Storage & Organization', 'Shelving Units', 3, 'Metal Shelving', 'storage-and-organization-shelving-units-metal-shelving'),
  ('Storage & Organization', 'Storage Cabinets', 1, 'Garage Cabinets', 'storage-and-organization-storage-cabinets-garage-cabinets'),
  ('Storage & Organization', 'Storage Cabinets', 2, 'Utility Cabinets', 'storage-and-organization-storage-cabinets-utility-cabinets'),
  ('Storage & Organization', 'Storage Cabinets', 3, 'Lockers', 'storage-and-organization-storage-cabinets-lockers'),
  ('Storage & Organization', 'Closet Organizers', 1, 'Closet Systems', 'storage-and-organization-closet-organizers-closet-systems'),
  ('Storage & Organization', 'Closet Organizers', 2, 'Closet Rods', 'storage-and-organization-closet-organizers-closet-rods'),
  ('Storage & Organization', 'Closet Organizers', 3, 'Shoe Racks', 'storage-and-organization-closet-organizers-shoe-racks'),
  ('Storage & Organization', 'Garage Storage', 1, 'Overhead Storage', 'storage-and-organization-garage-storage-overhead-storage'),
  ('Storage & Organization', 'Garage Storage', 2, 'Wall Systems', 'storage-and-organization-garage-storage-wall-systems'),
  ('Storage & Organization', 'Garage Storage', 3, 'Bike Racks', 'storage-and-organization-garage-storage-bike-racks'),
  ('Storage & Organization', 'Bins & Containers', 1, 'Storage Bins', 'storage-and-organization-bins-and-containers-storage-bins'),
  ('Storage & Organization', 'Bins & Containers', 2, 'Storage Totes', 'storage-and-organization-bins-and-containers-storage-totes'),
  ('Storage & Organization', 'Bins & Containers', 3, 'Drawer Organizers', 'storage-and-organization-bins-and-containers-drawer-organizers'),
  ('Storage & Organization', 'Wall-Mounted Storage', 1, 'Wall Hooks', 'storage-and-organization-wall-mounted-storage-wall-hooks'),
  ('Storage & Organization', 'Wall-Mounted Storage', 2, 'Pegboards', 'storage-and-organization-wall-mounted-storage-pegboards'),
  ('Storage & Organization', 'Wall-Mounted Storage', 3, 'Wall Shelves', 'storage-and-organization-wall-mounted-storage-wall-shelves'),
  ('Storage & Organization', 'Hooks & Racks', 1, 'Coat Hooks', 'storage-and-organization-hooks-and-racks-coat-hooks'),
  ('Storage & Organization', 'Hooks & Racks', 2, 'Utility Hooks', 'storage-and-organization-hooks-and-racks-utility-hooks'),
  ('Storage & Organization', 'Hooks & Racks', 3, 'Storage Racks', 'storage-and-organization-hooks-and-racks-storage-racks'),
  ('Storage & Organization', 'Tool Storage', 1, 'Tool Chests', 'storage-and-organization-tool-storage-tool-chests'),
  ('Storage & Organization', 'Tool Storage', 2, 'Tool Boxes', 'storage-and-organization-tool-storage-tool-boxes'),
  ('Storage & Organization', 'Tool Storage', 3, 'Tool Cabinets', 'storage-and-organization-tool-storage-tool-cabinets'),
  ('Storage & Organization', 'Wire Shelving', 1, 'Wire Shelf Units', 'storage-and-organization-wire-shelving-wire-shelf-units'),
  ('Storage & Organization', 'Wire Shelving', 2, 'Wire Baskets', 'storage-and-organization-wire-shelving-wire-baskets'),
  ('Storage & Organization', 'Wire Shelving', 3, 'Wire Accessories', 'storage-and-organization-wire-shelving-wire-accessories'),
  ('Storage & Organization', 'Laundry Storage', 1, 'Laundry Baskets', 'storage-and-organization-laundry-storage-laundry-baskets'),
  ('Storage & Organization', 'Laundry Storage', 2, 'Hampers', 'storage-and-organization-laundry-storage-hampers'),
  ('Storage & Organization', 'Laundry Storage', 3, 'Ironing Boards', 'storage-and-organization-laundry-storage-ironing-boards'),
  ('Tools', 'Power Drills', 1, 'Cordless Drills', 'tools-power-drills-cordless-drills'),
  ('Tools', 'Power Drills', 2, 'Hammer Drills', 'tools-power-drills-hammer-drills'),
  ('Tools', 'Power Drills', 3, 'Impact Drivers', 'tools-power-drills-impact-drivers'),
  ('Tools', 'Saws & Blades', 1, 'Circular Saws', 'tools-saws-and-blades-circular-saws'),
  ('Tools', 'Saws & Blades', 2, 'Miter Saws', 'tools-saws-and-blades-miter-saws'),
  ('Tools', 'Saws & Blades', 3, 'Table Saws', 'tools-saws-and-blades-table-saws'),
  ('Tools', 'Saws & Blades', 4, 'Saw Blades', 'tools-saws-and-blades-saw-blades'),
  ('Tools', 'Sanders & Grinders', 1, 'Orbital Sanders', 'tools-sanders-and-grinders-orbital-sanders'),
  ('Tools', 'Sanders & Grinders', 2, 'Belt Sanders', 'tools-sanders-and-grinders-belt-sanders'),
  ('Tools', 'Sanders & Grinders', 3, 'Angle Grinders', 'tools-sanders-and-grinders-angle-grinders'),
  ('Tools', 'Hammers & Nail Guns', 1, 'Hammers', 'tools-hammers-and-nail-guns-hammers'),
  ('Tools', 'Hammers & Nail Guns', 2, 'Nail Guns', 'tools-hammers-and-nail-guns-nail-guns'),
  ('Tools', 'Hammers & Nail Guns', 3, 'Brad Nailers', 'tools-hammers-and-nail-guns-brad-nailers'),
  ('Tools', 'Hammers & Nail Guns', 4, 'Staplers', 'tools-hammers-and-nail-guns-staplers'),
  ('Tools', 'Wrenches & Sockets', 1, 'Wrench Sets', 'tools-wrenches-and-sockets-wrench-sets'),
  ('Tools', 'Wrenches & Sockets', 2, 'Socket Sets', 'tools-wrenches-and-sockets-socket-sets'),
  ('Tools', 'Wrenches & Sockets', 3, 'Ratchets', 'tools-wrenches-and-sockets-ratchets'),
  ('Tools', 'Measuring & Layout Tools', 1, 'Tape Measures', 'tools-measuring-and-layout-tools-tape-measures'),
  ('Tools', 'Measuring & Layout Tools', 2, 'Levels', 'tools-measuring-and-layout-tools-levels'),
  ('Tools', 'Measuring & Layout Tools', 3, 'Laser Levels', 'tools-measuring-and-layout-tools-laser-levels'),
  ('Tools', 'Measuring & Layout Tools', 4, 'Squares', 'tools-measuring-and-layout-tools-squares'),
  ('Tools', 'Hand Tools', 1, 'Screwdrivers', 'tools-hand-tools-screwdrivers'),
  ('Tools', 'Hand Tools', 2, 'Pliers', 'tools-hand-tools-pliers'),
  ('Tools', 'Hand Tools', 3, 'Utility Knives', 'tools-hand-tools-utility-knives'),
  ('Tools', 'Hand Tools', 4, 'Chisels', 'tools-hand-tools-chisels'),
  ('Tools', 'Tool Sets', 1, 'Hand Tool Sets', 'tools-tool-sets-hand-tool-sets'),
  ('Tools', 'Tool Sets', 2, 'Power Tool Combos', 'tools-tool-sets-power-tool-combos'),
  ('Tools', 'Tool Sets', 3, 'Mechanics Sets', 'tools-tool-sets-mechanics-sets'),
  ('Tools', 'Ladders & Scaffolding', 1, 'Step Ladders', 'tools-ladders-and-scaffolding-step-ladders'),
  ('Tools', 'Ladders & Scaffolding', 2, 'Extension Ladders', 'tools-ladders-and-scaffolding-extension-ladders'),
  ('Tools', 'Ladders & Scaffolding', 3, 'Scaffolding', 'tools-ladders-and-scaffolding-scaffolding'),
  ('Tools', 'Tool Storage', 1, 'Tool Bags', 'tools-tool-storage-tool-bags'),
  ('Tools', 'Tool Storage', 2, 'Tool Belts', 'tools-tool-storage-tool-belts'),
  ('Tools', 'Tool Storage', 3, 'Tool Boxes', 'tools-tool-storage-tool-boxes'),
  ('Windows & Doors', 'Exterior Doors', 1, 'Entry Doors', 'windows-and-doors-exterior-doors-entry-doors'),
  ('Windows & Doors', 'Exterior Doors', 2, 'French Doors', 'windows-and-doors-exterior-doors-french-doors'),
  ('Windows & Doors', 'Exterior Doors', 3, 'Sliding Doors', 'windows-and-doors-exterior-doors-sliding-doors'),
  ('Windows & Doors', 'Exterior Doors', 4, 'Storm Doors', 'windows-and-doors-exterior-doors-storm-doors'),
  ('Windows & Doors', 'Interior Doors', 1, 'Panel Doors', 'windows-and-doors-interior-doors-panel-doors'),
  ('Windows & Doors', 'Interior Doors', 2, 'Barn Doors', 'windows-and-doors-interior-doors-barn-doors'),
  ('Windows & Doors', 'Interior Doors', 3, 'Bifold Doors', 'windows-and-doors-interior-doors-bifold-doors'),
  ('Windows & Doors', 'Interior Doors', 4, 'French Doors', 'windows-and-doors-interior-doors-french-doors'),
  ('Windows & Doors', 'Windows', 1, 'Double Hung Windows', 'windows-and-doors-windows-double-hung-windows'),
  ('Windows & Doors', 'Windows', 2, 'Casement Windows', 'windows-and-doors-windows-casement-windows'),
  ('Windows & Doors', 'Windows', 3, 'Sliding Windows', 'windows-and-doors-windows-sliding-windows'),
  ('Windows & Doors', 'Storm Doors', 1, 'Full View Storm Doors', 'windows-and-doors-storm-doors-full-view-storm-doors'),
  ('Windows & Doors', 'Storm Doors', 2, 'Retractable Screen Doors', 'windows-and-doors-storm-doors-retractable-screen-doors'),
  ('Windows & Doors', 'Garage Doors', 1, 'Sectional Doors', 'windows-and-doors-garage-doors-sectional-doors'),
  ('Windows & Doors', 'Garage Doors', 2, 'Garage Door Openers', 'windows-and-doors-garage-doors-garage-door-openers'),
  ('Windows & Doors', 'Garage Doors', 3, 'Garage Door Parts', 'windows-and-doors-garage-doors-garage-door-parts'),
  ('Windows & Doors', 'Door Hardware', 1, 'Door Knobs', 'windows-and-doors-door-hardware-door-knobs'),
  ('Windows & Doors', 'Door Hardware', 2, 'Door Handles', 'windows-and-doors-door-hardware-door-handles'),
  ('Windows & Doors', 'Door Hardware', 3, 'Deadbolts', 'windows-and-doors-door-hardware-deadbolts'),
  ('Windows & Doors', 'Door Hardware', 4, 'Hinges', 'windows-and-doors-door-hardware-hinges'),
  ('Windows & Doors', 'Window Hardware', 1, 'Window Locks', 'windows-and-doors-window-hardware-window-locks'),
  ('Windows & Doors', 'Window Hardware', 2, 'Window Handles', 'windows-and-doors-window-hardware-window-handles'),
  ('Windows & Doors', 'Window Hardware', 3, 'Window Screens', 'windows-and-doors-window-hardware-window-screens'),
  ('Windows & Doors', 'Door Frames & Jambs', 1, 'Door Frames', 'windows-and-doors-door-frames-and-jambs-door-frames'),
  ('Windows & Doors', 'Door Frames & Jambs', 2, 'Door Jambs', 'windows-and-doors-door-frames-and-jambs-door-jambs'),
  ('Windows & Doors', 'Door Frames & Jambs', 3, 'Door Trim', 'windows-and-doors-door-frames-and-jambs-door-trim'),
  ('Windows & Doors', 'Window Treatments', 1, 'Blinds', 'windows-and-doors-window-treatments-blinds'),
  ('Windows & Doors', 'Window Treatments', 2, 'Shades', 'windows-and-doors-window-treatments-shades'),
  ('Windows & Doors', 'Window Treatments', 3, 'Curtains', 'windows-and-doors-window-treatments-curtains'),
  ('Windows & Doors', 'Window Treatments', 4, 'Shutters', 'windows-and-doors-window-treatments-shutters'),
  ('Windows & Doors', 'Weather Stripping', 1, 'Door Sweeps', 'windows-and-doors-weather-stripping-door-sweeps'),
  ('Windows & Doors', 'Weather Stripping', 2, 'Weather Strip', 'windows-and-doors-weather-stripping-weather-strip'),
  ('Windows & Doors', 'Weather Stripping', 3, 'Door Seals', 'windows-and-doors-weather-stripping-door-seals');

create temporary table tmp_desired_main on commit drop as
select
  coalesce(em.id, rd.fallback_id) as id,
  rd.name,
  rd.sort_order
from tmp_raw_departments rd
left join public.product_main_categories em on lower(em.name) = lower(rd.name);

create temporary table tmp_desired_sub_raw on commit drop as
select
  coalesce(es.id, rs.fallback_id) as candidate_id,
  rs.fallback_id,
  dm.id as main_category_id,
  rs.name,
  rs.sort_order,
  rs.department_name
from tmp_raw_subcategories rs
join tmp_desired_main dm on dm.name = rs.department_name
left join (
  select distinct on (lower(m.name), lower(s.name))
    s.id,
    s.name,
    m.name as department_name
  from public.product_sub_categories s
  join public.product_main_categories m on m.id = s.main_category_id
  order by lower(m.name), lower(s.name), s.id
) es
  on lower(es.department_name) = lower(rs.department_name)
 and lower(es.name) = lower(rs.name);

create temporary table tmp_desired_sub on commit drop as
select
  case
    when row_number() over (partition by candidate_id order by department_name, sort_order, name) = 1
      then candidate_id
    else fallback_id
  end as id,
  main_category_id,
  name,
  sort_order,
  department_name
from tmp_desired_sub_raw;

create temporary table tmp_desired_leaf_raw on commit drop as
select
  coalesce(el.id, rl.fallback_id) as candidate_id,
  rl.fallback_id,
  ds.id as sub_category_id,
  rl.name,
  rl.sort_order,
  rl.department_name,
  rl.subcategory_name
from tmp_raw_leaves rl
join tmp_desired_sub ds
  on ds.department_name = rl.department_name
 and ds.name = rl.subcategory_name
left join (
  select distinct on (lower(m.name), lower(s.name), lower(c.name))
    c.id,
    c.name,
    s.name as subcategory_name,
    m.name as department_name
  from public.product_categories c
  join public.product_sub_categories s on s.id = c.sub_category_id
  join public.product_main_categories m on m.id = s.main_category_id
  order by lower(m.name), lower(s.name), lower(c.name), c.id
) el
  on lower(el.department_name) = lower(rl.department_name)
 and lower(el.subcategory_name) = lower(rl.subcategory_name)
 and lower(el.name) = lower(rl.name);

create temporary table tmp_desired_leaf on commit drop as
select
  case
    when row_number() over (partition by candidate_id order by department_name, subcategory_name, sort_order, name) = 1
      then candidate_id
    else fallback_id
  end as id,
  sub_category_id,
  name,
  sort_order,
  department_name,
  subcategory_name
from tmp_desired_leaf_raw;

delete from public.product_category_nodes;
delete from public.product_categories;
delete from public.product_sub_categories;
delete from public.product_main_categories;

insert into public.product_main_categories (id, name, icon, description, sort_order, region_code)
select id, name, 'Package', null, sort_order, null
from tmp_desired_main
order by sort_order;

insert into public.product_sub_categories (id, main_category_id, name, description, sort_order, region_code)
select id, main_category_id, name, null, sort_order, null
from tmp_desired_sub
order by department_name, sort_order;

insert into public.product_categories (id, sub_category_id, name, description, sort_order, region_code)
select id, sub_category_id, name, null, sort_order, null
from tmp_desired_leaf
order by department_name, subcategory_name, sort_order;

insert into public.product_category_nodes (id, name, parent_id, description, sort_order, region_code)
select id, name, null, null, sort_order, null
from tmp_desired_main
union all
select id, name, main_category_id, null, sort_order, null
from tmp_desired_sub
union all
select id, name, sub_category_id, null, sort_order, null
from tmp_desired_leaf;

commit;
